table_name,code,code_system,display,row_count,distinct_patient_count
condition,314529007,http://snomed.info/sct,Medication review due (situation),175309,18999
diagnostic_report,34117-2,http://loinc.org,History and physical note,1396066,18999
diagnostic_report,58410-2,http://loinc.org,CBC panel - Blood by Automated count,73062,18999
observation,6690-2,http://loinc.org,"Leukocytes [#/volume] in Blood by Automated count",73062,18999
observation,788-0,http://loinc.org,Erythrocyte [DistWidth] in Blood by Automated count,73062,18999
observation,787-2,http://loinc.org,MCV [Entitic mean volume] in Red Blood Cells by Automated count,73062,18999
observation,8302-2,http://loinc.org,Body Height,310771,18999
observation,32207-3,http://loinc.org,Platelet distribution width [Entitic volume] in Blood by Automated count,51685,18999
observation,32623-1,http://loinc.org,Platelet [Entitic mean volume] in Blood by Automated count,51685,18999
observation,85354-9,http://loinc.org,Blood Pressure panel with all children optional,343383,18999
observation,785-6,http://loinc.org,MCH [Entitic mass] by Automated count,73062,18999
observation,29463-7,http://loinc.org,Body Weight,326462,18999
observation,72166-2,http://loinc.org,Tobacco smoking status,309893,18999
observation,4544-3,http://loinc.org,Hematocrit [Volume Fraction] of Blood by Automated count,71565,18999
observation,777-3,http://loinc.org,"Platelets [#/volume] in Blood by Automated count",73062,18999
observation,8867-4,http://loinc.org,Heart rate,315356,18999
observation,718-7,http://loinc.org,Hemoglobin [Mass/volume] in Blood,73213,18999
observation,72514-3,http://loinc.org,Pain severity - 0-10 verbal numeric rating [Score] - Reported,649761,18999
observation,786-4,http://loinc.org,MCHC [Entitic Mass/volume] in Red Blood Cells by Automated count,73062,18999
observation,9279-1,http://loinc.org,Respiratory rate,315356,18999
observation,789-8,http://loinc.org,"Erythrocytes [#/volume] in Blood by Automated count",73062,18999
procedure,430193006,http://snomed.info/sct,Medication reconciliation (procedure),171261,18784
immunization,140,http://hl7.org/fhir/sid/cvx,"Influenza, split virus, trivalent, PF",157431,18756
observation,39156-5,http://loinc.org,Body mass index (BMI) [Ratio],284820,18314
encounter,185349003,http://snomed.info/sct,Encounter for check up (procedure),257056,17974
encounter,185345009,http://snomed.info/sct,Encounter for symptom (procedure),62385,17812
procedure,103697008,http://snomed.info/sct,Patient referral for dental care (procedure),136241,17646
careplan,assess-plan,http://hl7.org/fhir/us/core/CodeSystem/careplan-category,,66632,17204
procedure,171207006,http://snomed.info/sct,Depression screening (procedure),389831,15458
procedure,710841007,http://snomed.info/sct,Assessment of anxiety (procedure),122718,15096
diagnostic_report,69737-5,http://loinc.org,Generalized anxiety disorder 7 item (GAD-7),122697,15091
observation,70274-6,http://loinc.org,Generalized anxiety disorder 7 item (GAD-7) total score [Reported.PHQ],122697,15091
condition,66383009,http://snomed.info/sct,Gingivitis (disorder),30602,15074
procedure,428211000124100,http://snomed.info/sct,Assessment of substance use (procedure),150401,14292
procedure,710824005,http://snomed.info/sct,Assessment of health and social care needs (procedure),239883,14090
observation,93025-5,http://loinc.org,"Protocol for Responding to and Assessing Patients' Assets, Risks, and Experiences [PRAPARE]",239475,14086
encounter,162673000,http://snomed.info/sct,General examination of patient (procedure),184503,14085
diagnostic_report,55757-9,http://loinc.org,Patient Health Questionnaire 2 item (PHQ-2) [Reported],187975,13925
observation,55758-7,http://loinc.org,Patient Health Questionnaire 2 item (PHQ-2) total score [Reported],187975,13925
condition,73595000,http://snomed.info/sct,Stress (finding),65594,13892
condition,160903007,http://snomed.info/sct,Full-time employment (finding),59588,13881
procedure,866148006,http://snomed.info/sct,Screening for domestic abuse (procedure),71473,12995
diagnostic_report,76499-3,http://loinc.org,"Humiliation, Afraid, Rape, and Kick questionnaire [HARK]",71473,12995
observation,76504-0,http://loinc.org,Total score [HARK],71473,12995
encounter,185347001,http://snomed.info/sct,Encounter for problem (procedure),428242,12903
immunization,113,http://hl7.org/fhir/sid/cvx,"Td (adult), 5 Lf tetanus toxoid, preservative free, adsorbed",12951,12647
diagnostic_report,57698-3,http://loinc.org,Lipid panel with direct LDL - Serum or Plasma,144508,12374
observation,2571-8,http://loinc.org,Triglyceride [Mass/volume] in Serum or Plasma,144508,12374
observation,2093-3,http://loinc.org,Cholesterol [Mass/volume] in Serum or Plasma,144508,12374
observation,2085-9,http://loinc.org,Cholesterol in HDL [Mass/volume] in Serum or Plasma,144508,12374
observation,18262-6,http://loinc.org,Cholesterol in LDL [Mass/volume] in Serum or Plasma by Direct assay,144508,12374
encounter,50849002,http://snomed.info/sct,Emergency room admission (procedure),44661,12177
procedure,763302001,http://snomed.info/sct,Assessment using Alcohol Use Disorders Identification Test - Consumption (procedure),71252,12021
diagnostic_report,72109-2,http://loinc.org,Alcohol Use Disorder Identification Test - Consumption [AUDIT-C],71252,12021
observation,75626-2,http://loinc.org,Total score [AUDIT-C],71252,12021
procedure,713106006,http://snomed.info/sct,Screening for drug abuse (procedure),71256,11981
diagnostic_report,82666-9,http://loinc.org,Drug Abuse Screening Test-10 [DAST-10],71256,11981
observation,82667-7,http://loinc.org,Total score [DAST-10],71256,11981
condition,444814009,http://snomed.info/sct,Viral sinusitis (disorder),18893,11805
condition,160904001,http://snomed.info/sct,Part-time employment (finding),38389,11792
observation,8310-5,http://loinc.org,Body Temperature,19717,10659
encounter,33879002,http://snomed.info/sct,Administration of vaccine to produce active immunity (procedure),18937,10227
condition,422650009,http://snomed.info/sct,Social isolation (finding),22883,10057
condition,423315002,http://snomed.info/sct,Limited social contact (finding),23347,10032
encounter,410620009,http://snomed.info/sct,Well child visit (procedure),70540,9659
condition,162864005,http://snomed.info/sct,Body mass index 30+ - obesity (finding),9570,9570
observation,20565-8,http://loinc.org,"Carbon dioxide, total [Moles/volume] in Blood",250968,9511
observation,6299-2,http://loinc.org,Urea Nitrogen [Mass/volume] in Blood,250968,9511
observation,6298-4,http://loinc.org,Potassium [Moles/volume] in Blood,250968,9511
observation,49765-1,http://loinc.org,Calcium [Mass/volume] in Blood,250968,9511
observation,2947-0,http://loinc.org,Sodium [Moles/volume] in Blood,250968,9511
observation,2339-0,http://loinc.org,Glucose [Mass/volume] in Blood,250968,9511
observation,38483-4,http://loinc.org,Creatinine [Mass/volume] in Blood,250968,9511
observation,2069-3,http://loinc.org,Chloride [Moles/volume] in Blood,250968,9511
condition,741062008,http://snomed.info/sct,Not in labor force (finding),21539,9123
observation,4548-4,http://loinc.org,Hemoglobin A1c/Hemoglobin.total in Blood,224946,8713
diagnostic_report,51990-0,http://loinc.org,Basic Metabolic Panel - Blood,177009,8528
condition,706893006,http://snomed.info/sct,Victim of intimate partner abuse (finding),15044,8499
procedure,715252007,http://snomed.info/sct,Depression screening using Patient Health Questionnaire Nine Item score (procedure),20436,8447
condition,195662009,http://snomed.info/sct,Acute viral pharyngitis (disorder),11129,8391
procedure,D7140,http://www.ada.org/cdt,extraction erupted tooth or exposed root elevation and/or forceps removal,33875,8210
encounter,32485007,http://snomed.info/sct,Hospital admission (procedure),11226,7987
encounter,702927004,http://snomed.info/sct,Urgent care clinic (environment),85735,7859
condition,224299000,http://snomed.info/sct,Received higher education (finding),7732,7732
medication_request,313782,http://www.nlm.nih.gov/research/umls/rxnorm,Acetaminophen 325 MG Oral Tablet,9929,7714
condition,714628002,http://snomed.info/sct,Prediabetes (finding),7583,7583
condition,10509002,http://snomed.info/sct,Acute bronchitis (disorder),9003,7251
condition,271737000,http://snomed.info/sct,Anemia (disorder),7111,7111
observation,33914-3,http://loinc.org,Glomerular filtration rate [Volume Rate/Area] in Serum or Plasma by Creatinine-based formula (MDRD)/1.73 sq M,324720,6970
procedure,D0120,http://www.ada.org/cdt,periodic oral evaluation  established patient,10861,6912
procedure,315639002,http://snomed.info/sct,Initial patient assessment (procedure),9185,6769
procedure,370789001,http://snomed.info/sct,Development of individualized plan of care (procedure),9185,6769
condition,424393004,http://snomed.info/sct,Reports of violence in the environment (finding),12851,6767
procedure,762993000,http://snomed.info/sct,Assessment using Morse Fall Scale (procedure),98961,6550
diagnostic_report,59453-1,http://loinc.org,Morse Fall Scale panel,98960,6550
observation,59461-4,http://loinc.org,Fall risk level [Morse Fall Scale],98960,6550
observation,59460-6,http://loinc.org,Fall risk total [Morse Fall Scale],98960,6550
condition,80967001,http://snomed.info/sct,Dental caries,8099,6262
condition,73438004,http://snomed.info/sct,Unemployed (finding),8120,6234
diagnostic_report,44249-1,http://loinc.org,PHQ-9 quick depression assessment panel [Reported.PHQ],11319,5944
observation,44261-6,http://loinc.org,Patient Health Questionnaire 9 item (PHQ-9) total score [Reported],11319,5944
observation,59576-9,http://loinc.org,Body mass index (BMI) [Percentile] Per age and sex,47057,5741
diagnostic_report,24323-8,http://loinc.org,Comprehensive metabolic 2000 panel - Serum or Plasma,93930,5609
observation,2885-2,http://loinc.org,Protein [Mass/volume] in Serum or Plasma,93930,5609
observation,1742-6,http://loinc.org,Alanine aminotransferase [Enzymatic activity/volume] in Serum or Plasma,93930,5609
observation,6768-6,http://loinc.org,Alkaline phosphatase [Enzymatic activity/volume] in Serum or Plasma,93930,5609
observation,1751-7,http://loinc.org,Albumin [Mass/volume] in Serum or Plasma,93930,5609
observation,1920-8,http://loinc.org,Aspartate aminotransferase [Enzymatic activity/volume] in Serum or Plasma,93930,5609
observation,1975-2,http://loinc.org,Bilirubin.total [Mass/volume] in Serum or Plasma,93881,5586
procedure,D0604,http://www.ada.org/cdt,"antigen testing for a public health related pathogen, including coronavirus",13511,5460
procedure,73761001,http://snomed.info/sct,Colonoscopy (procedure),10340,5446
immunization,208,http://hl7.org/fhir/sid/cvx,"COVID-19, mRNA, LNP-S, PF, 30 mcg/0.3 mL dose",10854,5434
encounter,390906007,http://snomed.info/sct,Follow-up encounter (procedure),34231,5427
procedure,D0603,http://www.ada.org/cdt,caries risk assessment and documentation with a finding of high risk,10008,5217
condition,59621000,http://snomed.info/sct,Essential hypertension (disorder),5177,5177
procedure,D1206,http://www.ada.org/cdt,topical application of fluoride varnish,7487,5175
condition,274531002,http://snomed.info/sct,Abnormal findings diagnostic imaging heart+coronary circulat (finding),5163,5163
condition,414545008,http://snomed.info/sct,Ischemic heart disease (disorder),5147,5147
medication_request,705129,http://www.nlm.nih.gov/research/umls/rxnorm,Nitroglycerin 0.4 MG/ACTUAT Mucosal Spray,5051,5051
procedure,D1110,http://www.ada.org/cdt,prophylaxis  adult,7243,4955
medication_request,866412,http://www.nlm.nih.gov/research/umls/rxnorm,24 HR metoprolol succinate 100 MG Extended Release Oral Tablet,4931,4931
immunization,133,http://hl7.org/fhir/sid/cvx,Pneumococcal conjugate PCV 13,12738,4926
procedure,D1208,http://www.ada.org/cdt,topical application of fluoride  excluding varnish,6998,4900
encounter,424619006,http://snomed.info/sct,Prenatal visit (regime/therapy),29709,4811
condition,266948004,http://snomed.info/sct,Has a criminal record (finding),4692,4692
observation,2514-8,http://loinc.org,Ketones [Presence] in Urine by Test strip,212163,4598
observation,5811-5,http://loinc.org,Specific gravity of Urine by Test strip,212163,4598
observation,5802-4,http://loinc.org,Nitrite [Presence] in Urine by Test strip,212163,4598
observation,5803-2,http://loinc.org,pH of Urine by Test strip,212163,4598
observation,5799-2,http://loinc.org,Leukocyte esterase [Presence] in Urine by Test strip,212163,4598
observation,5794-3,http://loinc.org,Hemoglobin [Presence] in Urine by Test strip,212163,4598
procedure,D7210,http://www.ada.org/cdt,extraction erupted tooth requiring removal of bone and/or sectioning of tooth and including elevation of mucoperiosteal flap if indicated,15085,4564
observation,2345-7,http://loinc.org,Glucose [Mass/volume] in Serum or Plasma,180131,4510
observation,2160-0,http://loinc.org,Creatinine [Mass/volume] in Serum or Plasma,180131,4510
observation,2028-9,http://loinc.org,"Carbon dioxide, total [Moles/volume] in Serum or Plasma",180131,4510
observation,2823-3,http://loinc.org,Potassium [Moles/volume] in Serum or Plasma,180131,4510
observation,3094-0,http://loinc.org,Urea nitrogen [Mass/volume] in Serum or Plasma,180131,4510
observation,2951-2,http://loinc.org,Sodium [Moles/volume] in Serum or Plasma,180131,4510
observation,2075-0,http://loinc.org,Chloride [Moles/volume] in Serum or Plasma,180131,4510
observation,17861-6,http://loinc.org,Calcium [Mass/volume] in Serum or Plasma,180131,4510
immunization,207,http://hl7.org/fhir/sid/cvx,"COVID-19, mRNA, LNP-S, PF, 100 mcg/0.5mL dose or 50 mcg/0.25mL dose",8991,4503
medication_request,312961,http://www.nlm.nih.gov/research/umls/rxnorm,Simvastatin 20 MG Oral Tablet,4310,4310
condition,473461003,http://snomed.info/sct,Educated to high school level (finding),4289,4289
condition,40055000,http://snomed.info/sct,Chronic sinusitis (disorder),4258,4254
procedure,D0602,http://www.ada.org/cdt,caries risk assessment and documentation with a finding of moderate risk,7168,4206
condition,82423001,http://snomed.info/sct,Chronic pain (finding),4098,4098
procedure,117015009,http://snomed.info/sct,Throat culture (procedure),4837,4097
diagnostic_report,24357-6,http://loinc.org,Urinalysis macro (dipstick) panel - Urine,208193,4079
observation,5792-7,http://loinc.org,Glucose [Mass/volume] in Urine by Test strip,208193,4079
observation,5804-0,http://loinc.org,Protein [Mass/volume] in Urine by Test strip,208193,4079
procedure,23426006,http://snomed.info/sct,Measurement of respiratory function (procedure),4709,4051
observation,10834-0,http://loinc.org,Globulin [Mass/volume] in Serum by calculation,72492,4022
condition,160968000,http://snomed.info/sct,Risk activity involvement (finding),4219,4017
encounter,305336008,http://snomed.info/sct,Admission to hospice (procedure),5007,3997
procedure,385763009,http://snomed.info/sct,Hospice care (regime/therapy),105860,3997
immunization,10,http://hl7.org/fhir/sid/cvx,IPV,10987,3996
procedure,310417005,http://snomed.info/sct,Certification procedure (procedure),4991,3991
procedure,185087000,http://snomed.info/sct,Notifications (procedure),4991,3991
immunization,20,http://hl7.org/fhir/sid/cvx,DTaP,13460,3912
medication_request,849574,http://www.nlm.nih.gov/research/umls/rxnorm,Naproxen sodium 220 MG Oral Tablet,4170,3895
medication_request,309362,http://www.nlm.nih.gov/research/umls/rxnorm,Clopidogrel 75 MG Oral Tablet,3891,3891
observation,8289-1,http://loinc.org,Head Occipital-frontal circumference Percentile,37831,3875
observation,9843-4,http://loinc.org,Head Occipital-frontal circumference,37831,3875
observation,77606-2,http://loinc.org,Weight-for-length Per age and sex,37831,3875
encounter,308646001,http://snomed.info/sct,Death Certification,3868,3868
diagnostic_report,69409-1,http://loinc.org,U.S. standard certificate of death - 2003 revision,3868,3868
observation,69453-9,http://loinc.org,Cause of Death [US Standard Certificate of Death],3868,3868
condition,K02.9,http://hl7.org/fhir/sid/icd-10,"Dental caries, unspecified",5879,3796
procedure,308283009,http://snomed.info/sct,Discharge from hospital (procedure),4495,3781
medication_request,562251,http://www.nlm.nih.gov/research/umls/rxnorm,Amoxicillin 250 MG / Clavulanate 125 MG Oral Tablet,4189,3761
immunization,03,http://hl7.org/fhir/sid/cvx,MMR,5396,3693
condition,237602007,http://snomed.info/sct,Metabolic syndrome X (disorder),3680,3680
immunization,21,http://hl7.org/fhir/sid/cvx,varicella,5372,3678
condition,161744009,http://snomed.info/sct,Past pregnancy history of miscarriage (situation),3664,3664
procedure,58000006,http://snomed.info/sct,Patient discharge (procedure),4048,3658
observation,2708-6,http://loinc.org,Oxygen saturation in Arterial blood,24093,3598
procedure,410401003,http://snomed.info/sct,Nursing care/supplementary surveillance (regime/therapy),73492,3594
immunization,114,http://hl7.org/fhir/sid/cvx,meningococcal MCV4P,4935,3568
medication_request,314076,http://www.nlm.nih.gov/research/umls/rxnorm,lisinopril 10 MG Oral Tablet,130160,3497
encounter,308335008,http://snomed.info/sct,Patient encounter procedure (procedure),23108,3492
procedure,399208008,http://snomed.info/sct,Plain X-ray of chest (procedure),7380,3317
observation,25428-4,http://loinc.org,Glucose [Presence] in Urine by Test strip,210137,3299
observation,5770-3,http://loinc.org,Bilirubin.total [Presence] in Urine by Test strip,210137,3299
observation,20454-5,http://loinc.org,Protein [Presence] in Urine by Test strip,210137,3299
condition,234949000,http://snomed.info/sct,Tooth eruption disorder,3638,3298
procedure,63332003,http://snomed.info/sct,History AND physical examination (procedure),3712,3252
condition,125605004,http://snomed.info/sct,Fracture of bone (disorder),3619,3183
encounter,698314001,http://snomed.info/sct,Consultation for treatment (procedure),12749,3155
procedure,225386006,http://snomed.info/sct,Pre-discharge assessment (procedure),3525,3116
procedure,D0140,http://www.ada.org/cdt,limited oral evaluation  problem focused,3660,3077
allergy,609328004,http://snomed.info/sct,Allergic disposition (finding),3062,3062
immunization,83,http://hl7.org/fhir/sid/cvx,"Hep A, ped/adol, 2 dose",5396,3043
procedure,D0230,http://www.ada.org/cdt,intraoral  periapical each additional radiographic image,3755,3015
procedure,D0330,http://www.ada.org/cdt,panoramic radiographic image,3509,2959
immunization,49,http://hl7.org/fhir/sid/cvx,Hib (PRP-OMP),8112,2944
procedure,D0220,http://www.ada.org/cdt,intraoral  periapical first radiographic image,3559,2904
procedure,D0150,http://www.ada.org/cdt,comprehensive oral evaluation  new or established patient,3428,2901
immunization,08,http://hl7.org/fhir/sid/cvx,"Hep B, adolescent or pediatric",8143,2899
medication_request,310798,http://www.nlm.nih.gov/research/umls/rxnorm,Hydrochlorothiazide 25 MG Oral Tablet,105436,2886
medication_request,314231,http://www.nlm.nih.gov/research/umls/rxnorm,Simvastatin 10 MG Oral Tablet,28097,2868
condition,55822004,http://snomed.info/sct,Hyperlipidemia (disorder),2854,2854
condition,278860009,http://snomed.info/sct,Chronic low back pain (finding),2841,2841
procedure,409023009,http://snomed.info/sct,Professional / ancillary services care (regime/therapy),17225,2775
procedure,91251008,http://snomed.info/sct,Physical therapy procedure (regime/therapy),10489,2761
medication_request,308136,http://www.nlm.nih.gov/research/umls/rxnorm,amLODIPine 2.5 MG Oral Tablet,99820,2746
immunization,119,http://hl7.org/fhir/sid/cvx,"rotavirus, monovalent",5382,2745
procedure,44608003,http://snomed.info/sct,Blood group typing (procedure),4168,2737
condition,65363002,http://snomed.info/sct,Otitis media (disorder),3835,2732
observation,20505-4,http://loinc.org,Bilirubin.total [Mass/volume] in Urine by Test strip,206167,2731
observation,34533-0,http://loinc.org,Odor of Urine,204651,2731
observation,5767-9,http://loinc.org,Appearance of Urine,207683,2731
observation,5778-6,http://loinc.org,Color of Urine,206167,2731
observation,5797-6,http://loinc.org,Ketones [Mass/volume] in Urine by Test strip,206167,2731
observation,32167-9,http://loinc.org,Clarity of Urine,206167,2731
diagnostic_report,89206-7,http://loinc.org,Patient Health Questionnaire-9: Modified for Teens [Reported.PHQ.Teen],9047,2679
observation,89204-2,http://loinc.org,Patient Health Questionnaire-9: Modified for Teens total score [Reported.PHQ.Teen],9047,2679
medication_request,310965,http://www.nlm.nih.gov/research/umls/rxnorm,Ibuprofen 200 MG Oral Tablet,2948,2662
condition,127013003,http://snomed.info/sct,Disorder of kidney due to diabetes mellitus (disorder),2622,2622
procedure,84478008,http://snomed.info/sct,Occupational therapy (regime/therapy),7720,2616
condition,10939881000119105,http://snomed.info/sct,Unhealthy alcohol drinking behavior (finding),3001,2601
procedure,868187001,http://snomed.info/sct,"Assessment using Car, Relax, Alone, Forget, Friends, Trouble Screening Test (procedure)",7892,2595
diagnostic_report,24321-2,http://loinc.org,Basic Metabolic 2000 Panel - Serum or Plasma,160160,2558
condition,43878008,http://snomed.info/sct,Streptococcal sore throat (disorder),2785,2529
condition,384709000,http://snomed.info/sct,Sprain (morphologic abnormality),2714,2521
procedure,D1120,http://www.ada.org/cdt,prophylaxis  child,3033,2464
condition,312608009,http://snomed.info/sct,Laceration - injury (disorder),2646,2461
condition,80583007,http://snomed.info/sct,Severe anxiety (panic) (finding),2995,2455
procedure,288086009,http://snomed.info/sct,Suture open wound (procedure),2635,2451
procedure,386516004,http://snomed.info/sct,Anticipatory guidance (procedure),6265,2444
procedure,D0274,http://www.ada.org/cdt,bitewings  four radiographic images,2874,2443
immunization,33,http://hl7.org/fhir/sid/cvx,"pneumococcal polysaccharide vaccine, 23 valent",2446,2420
procedure,33367005,http://snomed.info/sct,Angiography of coronary artery (procedure),2598,2418
procedure,252160004,http://snomed.info/sct,Standard pregnancy test (procedure),5265,2401
immunization,62,http://hl7.org/fhir/sid/cvx,"HPV, quadrivalent",6027,2392
procedure,274474001,http://snomed.info/sct,Bone immobilization (procedure),2538,2332
encounter,424441002,http://snomed.info/sct,Prenatal initial visit (regime/therapy),5223,2306
condition,90781000119102,http://snomed.info/sct,Microalbuminuria due to type 2 diabetes mellitus (disorder),2305,2305
condition,105531004,http://snomed.info/sct,Housing unsatisfactory (finding),2291,2291
condition,431855005,http://snomed.info/sct,Chronic kidney disease stage 1 (disorder),2351,2283
observation,89579-7,http://loinc.org,Troponin I.cardiac [Mass/volume] in Serum or Plasma by High sensitivity method,14629,2278
procedure,29303009,http://snomed.info/sct,Electrocardiographic procedure (procedure),6707,2263
procedure,D2391,http://www.ada.org/cdt,"resin-based composite - one surface, posterior",2676,2251
procedure,5880005,http://snomed.info/sct,Physical examination procedure (procedure),8066,2230
immunization,115,http://hl7.org/fhir/sid/cvx,Tdap,2182,2178
medication_request,1043400,http://www.nlm.nih.gov/research/umls/rxnorm,Acetaminophen 21.7 MG/ML / Dextromethorphan Hydrobromide 1 MG/ML / doxylamine succinate 0.417 MG/ML Oral Solution,2279,2162
condition,72892002,http://snomed.info/sct,Normal pregnancy (finding),5023,2153
procedure,312681000,http://snomed.info/sct,Bone density scan (procedure),3237,2146
condition,399261000,http://snomed.info/sct,History of coronary artery bypass grafting (situation),2133,2133
procedure,84100007,http://snomed.info/sct,History taking (procedure),2595,2131
medication_request,313820,http://www.nlm.nih.gov/research/umls/rxnorm,Acetaminophen 160 MG Chewable Tablet,2892,2127
observation,82810-3,http://loinc.org,Pregnancy status,4816,2110
procedure,169230002,http://snomed.info/sct,Ultrasound scan for fetal viability (procedure),4810,2109
encounter,305408004,http://snomed.info/sct,Admission to surgical department (procedure),2106,2100
procedure,698314001,http://snomed.info/sct,Consultation for treatment (procedure),2177,2095
observation,38265-5,http://loinc.org,DXA Radius and Ulna [T-score] Bone density,2355,2068
condition,224295006,http://snomed.info/sct,Only received primary school education (finding),2065,2065
condition,431856006,http://snomed.info/sct,Chronic kidney disease stage 2 (disorder),2081,2052
observation,X9999-0,http://loinc.org,Operative Status,2093,2048
condition,267020005,http://snomed.info/sct,History of tubal ligation (situation),2024,2024
procedure,90226004,http://snomed.info/sct,"Cytopathology procedure, preparation of smear, genital source (procedure)",5391,2017
medication_request,198405,http://www.nlm.nih.gov/research/umls/rxnorm,Ibuprofen 100 MG Oral Tablet,2674,1967
procedure,183519002,http://snomed.info/sct,Referral to cardiology service (procedure),3031,1931
procedure,736169004,http://snomed.info/sct,Post anesthesia care management (procedure),1944,1927
procedure,D0145,http://www.ada.org/cdt,oral evaluation for a patient under three years of age and counseling with primary caregiver,2133,1878
condition,44054006,http://snomed.info/sct,Diabetes mellitus type 2 (disorder),1874,1874
observation,14959-1,http://loinc.org,Microalbumin/Creatinine [Mass Ratio] in Urine,70679,1874
procedure,311555007,http://snomed.info/sct,Speech and language therapy regime (regime/therapy),3731,1867
condition,68496003,http://snomed.info/sct,Polyp of colon (disorder),1938,1865
procedure,D0703,http://www.ada.org/cdt,2-D oral/facial photographic image obtained intra-orally or extra-orally - image capture only,2458,1863
condition,302870006,http://snomed.info/sct,Hypertriglyceridemia (disorder),1857,1857
medication_request,106892,http://www.nlm.nih.gov/research/umls/rxnorm,"insulin isophane, human 70 UNT/ML / insulin, regular, human 30 UNT/ML Injectable Suspension [Humulin]",140117,1845
immunization,121,http://hl7.org/fhir/sid/cvx,"zoster vaccine, live",3384,1837
procedure,225158009,http://snomed.info/sct,Auscultation of the fetal heart (procedure),27748,1823
procedure,274804006,http://snomed.info/sct,Evaluation of uterine fundal height (procedure),27748,1823
condition,44465007,http://snomed.info/sct,Sprain of ankle (disorder),1903,1813
procedure,104091002,http://snomed.info/sct,"Hemogram, automated, with red blood cells, white blood cells, hemoglobin, hematocrit, indices, platelet count, and manual white blood cell differential (procedure)",6222,1797
diagnostic_report,89577-1,http://loinc.org,Troponin I.cardiac panel - Serum or Plasma by High sensitivity method,13640,1797
condition,1121000119107,http://snomed.info/sct,Chronic neck pain (finding),1768,1768
procedure,443529005,http://snomed.info/sct,Detection of chromosomal aneuploidy in prenatal amniotic fluid specimen using fluorescence in situ hybridization screening technique (procedure),3168,1764
procedure,28163009,http://snomed.info/sct,"Skin test for tuberculosis, Tine test (procedure)",3164,1761
procedure,395123002,http://snomed.info/sct,Urine screening test for diabetes (procedure),3164,1761
procedure,117010004,http://snomed.info/sct,Urine culture (procedure),3164,1761
procedure,269828009,http://snomed.info/sct,Syphilis infectious titer test (procedure),3164,1761
procedure,47758006,http://snomed.info/sct,Hepatitis B surface antigen measurement (procedure),3164,1761
procedure,60218003,http://snomed.info/sct,"Urinalysis, protein, qualitative (procedure)",3164,1761
procedure,31676001,http://snomed.info/sct,Human immunodeficiency virus antigen test (procedure),3164,1761
procedure,104326007,http://snomed.info/sct,Measurement of Varicella-zoster virus antibody (procedure),3164,1761
procedure,310861008,http://snomed.info/sct,Chlamydia antigen test (procedure),3164,1761
procedure,165829005,http://snomed.info/sct,Gonorrhea infection titer test (procedure),3164,1761
procedure,104375008,http://snomed.info/sct,"Hepatitis C antibody, confirmatory test (procedure)",3164,1761
procedure,314098000,http://snomed.info/sct,Rubella screening test (procedure),3164,1761
procedure,D0601,http://www.ada.org/cdt,caries risk assessment and documentation with a finding of low risk,2226,1755
encounter,169762003,http://snomed.info/sct,Postnatal visit (regime/therapy),3096,1749
condition,157141000119108,http://snomed.info/sct,Proteinuria due to type 2 diabetes mellitus (disorder),1745,1745
encounter,183460006,http://snomed.info/sct,Obstetric emergency hospital admission (procedure),3068,1738
procedure,271442007,http://snomed.info/sct,Fetal anatomy study (procedure),3041,1730
procedure,275833003,http://snomed.info/sct,Alpha-fetoprotein test - antenatal (procedure),3041,1730
observation,6301-6,http://loinc.org,INR in Platelet poor plasma by Coagulation assay,9070,1729
procedure,268556000,http://snomed.info/sct,Urine screening for glucose (procedure),3058,1727
procedure,399014008,http://snomed.info/sct,Administration of vaccine product containing only Bordetella pertussis and Clostridium tetani and Corynebacterium diphtheriae antigens (procedure),3058,1727
immunization,52,http://hl7.org/fhir/sid/cvx,"Hep A, adult",2934,1725
observation,19123-9,http://loinc.org,Magnesium [Mass/volume] in Serum or Plasma,17795,1713
procedure,40701008,http://snomed.info/sct,Echocardiography (procedure),4745,1692
medication_request,308192,http://www.nlm.nih.gov/research/umls/rxnorm,Amoxicillin 500 MG Oral Tablet,2211,1690
procedure,223470000,http://snomed.info/sct,Discussion about signs and symptoms (procedure),2112,1685
procedure,281789004,http://snomed.info/sct,Antibiotic therapy (procedure),2102,1679
procedure,118001005,http://snomed.info/sct,Streptococcus pneumoniae group B antigen assay (procedure),2840,1674
procedure,269911007,http://snomed.info/sct,Sputum examination (procedure),1738,1656
condition,307426000,http://snomed.info/sct,Acute infective cystitis (disorder),1760,1649
allergy,84489001,http://snomed.info/sct,Mold (organism),1642,1642
observation,5821-4,http://loinc.org,"Leukocytes [#/area] in Urine sediment by Microscopy high power field",2026,1622
procedure,57617002,http://snomed.info/sct,Urine specimen collection (procedure),2026,1622
procedure,441550005,http://snomed.info/sct,Urinalysis with reflex to microscopy and culture (procedure),2673,1622
observation,630-4,http://loinc.org,Bacteria identified in Urine by Culture,2026,1622
observation,24124-0,http://loinc.org,Casts [Presence] in Urine sediment by Light microscopy,2026,1622
observation,5769-5,http://loinc.org,"Bacteria [#/area] in Urine sediment by Microscopy high power field",2026,1622
observation,5787-7,http://loinc.org,"Epithelial cells [#/area] in Urine sediment by Microscopy high power field",2026,1622
observation,13945-1,http://loinc.org,"Erythrocytes [#/area] in Urine sediment by Microscopy high power field",2026,1622
observation,8247-9,http://loinc.org,Mucus [Presence] in Urine sediment by Light microscopy,2026,1622
condition,64859006,http://snomed.info/sct,Osteoporosis (disorder),1621,1621
condition,5689008,http://snomed.info/sct,Chronic periodontitis,1692,1607
medication_request,1870230,http://www.nlm.nih.gov/research/umls/rxnorm,NDA020800 0.3 ML Epinephrine 1 MG/ML Auto-Injector,1602,1602
procedure,D2392,http://www.ada.org/cdt,"resin-based composite - two surfaces, posterior",1834,1585
condition,713458007,http://snomed.info/sct,Lack of access to transportation (finding),1580,1580
condition,266934004,http://snomed.info/sct,Transport problem (finding),1578,1578
procedure,371908008,http://snomed.info/sct,Oxygen administration by mask (procedure),13539,1577
procedure,386216000,http://snomed.info/sct,"Human parturition, function (observable entity)",2507,1565
allergy,264287008,http://snomed.info/sct,Animal dander (substance),1564,1564
diagnostic_report,55405-5,http://loinc.org,Heart failure tracking panel,4590,1556
observation,10230-1,http://loinc.org,Left ventricular Ejection fraction,4590,1556
observation,20570-8,http://loinc.org,Hematocrit [Volume Fraction] of Blood by calculation,1648,1543
procedure,D0804,http://www.ada.org/cdt,3D facial surface scan - indirect,1920,1529
observation,3173-2,http://loinc.org,aPTT in Blood by Coagulation assay,6398,1510
condition,433144002,http://snomed.info/sct,Chronic kidney disease stage 3 (disorder),1488,1485
encounter,36228007,http://snomed.info/sct,Ophthalmic examination and evaluation (procedure),18710,1481
procedure,389153003,http://snomed.info/sct,Indirect gonioscopy (procedure),18212,1478
observation,79892-6,http://loinc.org,Right eye Intraocular pressure,18212,1478
observation,79893-4,http://loinc.org,Left eye Intraocular pressure,18212,1478
procedure,314971001,http://snomed.info/sct,Camera fundoscopy (procedure),18212,1478
procedure,55468007,http://snomed.info/sct,Ocular slit lamp examination (procedure),18212,1478
procedure,722161008,http://snomed.info/sct,Diabetic retinal eye exam (procedure),18212,1478
observation,71491-5,http://loinc.org,Right eye Diabetic retinopathy severity level by Ophthalmoscopy,18212,1478
observation,71490-7,http://loinc.org,Left eye Diabetic retinopathy severity level by Ophthalmoscopy,18212,1478
procedure,252832004,http://snomed.info/sct,Intraocular pressure test (procedure),18212,1478
procedure,14768001,http://snomed.info/sct,Peripheral blood smear interpretation (procedure),1477,1477
procedure,415070008,http://snomed.info/sct,Percutaneous coronary intervention,1553,1477
procedure,16830007,http://snomed.info/sct,Visual acuity testing (procedure),17999,1473
observation,413078003,http://snomed.info/sct,LogMAR visual acuity right eye (observable entity),17995,1473
observation,413077008,http://snomed.info/sct,LogMAR visual acuity left eye (observable entity),17995,1473
procedure,162676008,http://snomed.info/sct,Brief general examination (procedure),1472,1472
procedure,415300000,http://snomed.info/sct,Review of systems (procedure),1472,1472
medication_request,243670,http://www.nlm.nih.gov/research/umls/rxnorm,Aspirin 81 MG Oral Tablet,1520,1447
condition,446654005,http://snomed.info/sct,Refugee (person),1442,1442
condition,399211009,http://snomed.info/sct,History of myocardial infarction (situation),1438,1438
medication_request,904419,http://www.nlm.nih.gov/research/umls/rxnorm,Alendronic acid 10 MG Oral Tablet,42002,1421
condition,840544004,http://snomed.info/sct,Suspected disease caused by Severe acute respiratory coronavirus 2 (situation),1406,1406
observation,94531-1,http://loinc.org,SARS-CoV-2 (COVID-19) RNA panel - Respiratory system specimen by NAA with probe detection,1769,1405
diagnostic_report,94531-1,http://loinc.org,SARS-CoV-2 (COVID-19) RNA panel - Respiratory system specimen by NAA with probe detection,1769,1405
procedure,261352009,http://snomed.info/sct,Face mask (physical object),1405,1405
procedure,274031008,http://snomed.info/sct,Rectal polypectomy (procedure),1816,1400
immunization,43,http://hl7.org/fhir/sid/cvx,"Hep B, adult",2266,1387
observation,33756-8,http://loinc.org,Polyp size greatest dimension,1410,1356
procedure,104435004,http://snomed.info/sct,Screening for occult blood in feces (procedure),1410,1356
observation,57905-2,http://loinc.org,Hemoglobin.gastrointestinal.lower [Presence] in Stool by Immunoassay --1st specimen,1410,1356
diagnostic_report,24356-8,http://loinc.org,Urinalysis complete panel - Urine,3970,1355
condition,840539006,http://snomed.info/sct,Disease caused by severe acute respiratory syndrome coronavirus 2 (disorder),1347,1347
medication_request,856987,http://www.nlm.nih.gov/research/umls/rxnorm,Acetaminophen 300 MG / HYDROcodone Bitartrate 5 MG Oral Tablet,14279,1344
medication_request,834061,http://www.nlm.nih.gov/research/umls/rxnorm,Penicillin V Potassium 250 MG Oral Tablet,1577,1338
condition,110030002,http://snomed.info/sct,Concussion injury of brain (disorder),1367,1324
procedure,D4341,http://www.ada.org/cdt,periodontal scaling and root planing  four or more teeth per quadrant,1582,1291
condition,31642005,http://snomed.info/sct,Acute gingivitis,1318,1271
procedure,67879005,http://snomed.info/sct,"History and physical examination, limited (procedure)",2372,1254
allergy,260147004,http://snomed.info/sct,House dust mite (organism),1250,1250
procedure,D7286,http://www.ada.org/cdt,incisional biopsy of oral tissue-soft,7107,1249
procedure,386053000,http://snomed.info/sct,Evaluation procedure (procedure),1465,1241
allergy,256277009,http://snomed.info/sct,Grass pollen (substance),1239,1239
condition,386661006,http://snomed.info/sct,Fever (finding),1238,1238
condition,361055000,http://snomed.info/sct,Misuses drugs (finding),1291,1227
allergy,782576004,http://snomed.info/sct,Tree pollen (substance),1212,1212
procedure,370995009,http://snomed.info/sct,Health risks education (procedure),1627,1208
procedure,D1203,http://www.ada.org/cdt,D1203,1275,1171
procedure,133899007,http://snomed.info/sct,Postoperative care (regime/therapy),2267,1165
procedure,65200003,http://snomed.info/sct,Insertion of intrauterine contraceptive device (procedure),1626,1160
condition,1187604002,http://snomed.info/sct,Serving in military service (finding),1150,1150
procedure,D0802,http://www.ada.org/cdt,3D dental surface scan - indirect,1343,1138
condition,239873007,http://snomed.info/sct,Osteoarthritis of knee (disorder),1131,1131
procedure,D0702,http://www.ada.org/cdt,2-D cephalometric radiographic image - image capture only,1323,1122
condition,6525002,http://snomed.info/sct,Dependent drug abuse (disorder),1117,1117
procedure,52052004,http://snomed.info/sct,Rehabilitation therapy (regime/therapy),29317,1111
diagnostic_report,75689-0,http://loinc.org,Iron panel - Serum or Plasma,12870,1108
observation,2276-4,http://loinc.org,Ferritin [Mass/volume] in Serum or Plasma,12870,1108
observation,72106-8,http://loinc.org,Total score [MMSE],3315,1108
procedure,76601001,http://snomed.info/sct,Intramuscular injection (procedure),14986,1098
diagnostic_report,34528-0,http://loinc.org,PT panel - Platelet poor plasma by Coagulation assay,7629,1092
observation,5902-2,http://loinc.org,Prothrombin time (PT),7629,1092
procedure,D7250,http://www.ada.org/cdt,removal of residual tooth roots (cutting procedure),1400,1086
encounter,305432006,http://snomed.info/sct,Admission to surgical transplant department (procedure),1140,1085
procedure,D1351,http://www.ada.org/cdt,sealant  per tooth,1211,1082
encounter,439740005,http://snomed.info/sct,Postoperative follow-up visit (procedure),8125,1068
observation,6844-5,http://loinc.org,Honey bee IgE Ab [Units/volume] in Serum,1239,1067
observation,6095-4,http://loinc.org,American house dust mite IgE Ab [Units/volume] in Serum,1239,1067
observation,6075-6,http://loinc.org,Cladosporium herbarum IgE Ab [Units/volume] in Serum,1239,1067
observation,6082-2,http://loinc.org,Codfish IgE Ab [Units/volume] in Serum,1239,1067
procedure,395142003,http://snomed.info/sct,Allergy screening test (procedure),1239,1067
observation,6158-0,http://loinc.org,Latex IgE Ab [Units/volume] in Serum,1239,1067
observation,7258-7,http://loinc.org,Cow milk IgE Ab [Units/volume] in Serum,1239,1067
observation,6248-9,http://loinc.org,Soybean IgE Ab [Units/volume] in Serum,1239,1067
observation,6206-7,http://loinc.org,Peanut IgE Ab [Units/volume] in Serum,1239,1067
observation,6276-0,http://loinc.org,Wheat IgE Ab [Units/volume] in Serum,1239,1067
observation,6273-7,http://loinc.org,Walnut IgE Ab [Units/volume] in Serum,1239,1067
observation,6246-3,http://loinc.org,Shrimp IgE Ab [Units/volume] in Serum,1239,1067
observation,6106-9,http://loinc.org,Egg white IgE Ab [Units/volume] in Serum,1239,1067
observation,6189-5,http://loinc.org,White oak IgE Ab [Units/volume] in Serum,1239,1067
observation,6833-8,http://loinc.org,Cat dander IgE Ab [Units/volume] in Serum,1239,1067
observation,6085-5,http://loinc.org,Common Ragweed IgE Ab [Units/volume] in Serum,1239,1067
procedure,D8670,http://www.ada.org/cdt,periodic orthodontic treatment visit,1493,1064
condition,36971009,http://snomed.info/sct,Sinusitis (disorder),1085,1060
medication_request,2001499,http://www.nlm.nih.gov/research/umls/rxnorm,Vitamin B12 5 MG/ML Injectable Solution,1060,1060
procedure,D9223,http://www.ada.org/cdt,deep sedation/general anesthesia  each subsequent 15 minute increment,1363,1059
procedure,431182000,http://snomed.info/sct,Placing subject in prone position (procedure),12897,1056
condition,1149222004,http://snomed.info/sct,Overdose (disorder),3096,1055
procedure,D2930,http://www.ada.org/cdt,prefabricated stainless steel crown  primary tooth,1248,1053
condition,75498004,http://snomed.info/sct,Acute bacterial sinusitis (disorder),1087,1049
medication_request,834102,http://www.nlm.nih.gov/research/umls/rxnorm,Penicillin V Potassium 500 MG Oral Tablet,1078,1043
procedure,D7240,http://www.ada.org/cdt,removal of impacted tooth  completely bony,1182,1043
condition,26929004,http://snomed.info/sct,Alzheimer's disease (disorder),1042,1042
medication_request,855812,http://www.nlm.nih.gov/research/umls/rxnorm,prasugrel 10 MG Oral Tablet,1041,1041
procedure,305428000,http://snomed.info/sct,Admission to orthopedic department (procedure),1073,1031
medication_request,310436,http://www.nlm.nih.gov/research/umls/rxnorm,Galantamine 4 MG Oral Tablet,1029,1029
encounter,56876005,http://snomed.info/sct,Drug rehabilitation and detoxification (regime/therapy),2766,1023
procedure,D0272,http://www.ada.org/cdt,bitewings  two radiographic images,1096,1022
encounter,183452005,http://snomed.info/sct,Emergency hospital admission (procedure),2085,1014
procedure,265764009,http://snomed.info/sct,Renal dialysis (procedure),296965,1009
observation,74006-8,http://loinc.org,Weight difference [Mass difference] --pre dialysis - post dialysis,296925,1009
procedure,306185001,http://snomed.info/sct,Referral to cardiac surgery service (procedure),1013,995
condition,698306007,http://snomed.info/sct,Awaiting transplantation of kidney (situation),993,993
condition,124171000119105,http://snomed.info/sct,Chronic intractable migraine without aura (disorder),987,987
procedure,709138001,http://snomed.info/sct,Notification of treatment plan (procedure),1004,987
procedure,110467000,http://snomed.info/sct,Pre-surgery testing (procedure),1004,987
diagnostic_report,24336-0,http://loinc.org,Gas panel - Arterial blood,8424,983
observation,2744-1,http://loinc.org,pH of Arterial blood,8424,983
observation,2703-7,http://loinc.org,Oxygen [Partial pressure] in Arterial blood,8424,983
observation,2019-8,http://loinc.org,Carbon dioxide [Partial pressure] in Arterial blood,8424,983
observation,1960-4,http://loinc.org,Bicarbonate [Moles/volume] in Arterial blood,8424,983
condition,196416002,http://snomed.info/sct,Impacted molars (disorder),981,981
procedure,410538000,http://snomed.info/sct,Scheduling (procedure),990,975
encounter,305342007,http://snomed.info/sct,Admission to ward (procedure),1074,975
condition,49727002,http://snomed.info/sct,Cough (finding),970,970
condition,161665007,http://snomed.info/sct,History of renal transplant (situation),968,968
procedure,D2330,http://www.ada.org/cdt,"resin-based composite - one surface, anterior",1132,966
condition,62106007,http://snomed.info/sct,Concussion with no loss of consciousness (disorder),983,965
condition,1172608001,http://snomed.info/sct,Accretion on tooth,988,964
diagnostic_report,93124-6,http://loinc.org,New York Heart Association Functional Classification panel,980,964
procedure,762998009,http://snomed.info/sct,Assessment using New York Heart Association Classification (procedure),980,964
observation,88020-3,http://loinc.org,Functional capacity NYHA,980,964
medication_request,860975,http://www.nlm.nih.gov/research/umls/rxnorm,24 HR Metformin hydrochloride 500 MG Extended Release Oral Tablet,52509,960
condition,39898005,http://snomed.info/sct,Sleep disorder (disorder),958,958
procedure,103750000,http://snomed.info/sct,Sleep apnea assessment (procedure),21023,958
condition,431857002,http://snomed.info/sct,Chronic kidney disease stage 4 (disorder),949,949
medication_request,310325,http://www.nlm.nih.gov/research/umls/rxnorm,ferrous sulfate 325 MG Oral Tablet,948,948
observation,3184-9,http://loinc.org,Activated clotting time (ACT) of Blood by Coagulation assay,954,944
procedure,169553002,http://snomed.info/sct,Implantation of subcutaneous contraceptive (procedure),1547,942
medication_request,1664463,http://www.nlm.nih.gov/research/umls/rxnorm,24 HR tacrolimus 1 MG Extended Release Oral Tablet [Envarsus],24673,931
procedure,306316000,http://snomed.info/sct,Referral to transplant surgeon (procedure),925,921
procedure,410770002,http://snomed.info/sct,Administration of anesthesia for procedure (procedure),914,909
procedure,52765003,http://snomed.info/sct,Intubation (procedure),914,909
encounter,305351004,http://snomed.info/sct,Admission to intensive care unit (procedure),1622,908
condition,65966004,http://snomed.info/sct,Fracture of forearm (disorder),945,903
condition,428251008,http://snomed.info/sct,History of appendectomy (situation),903,903
condition,80394007,http://snomed.info/sct,Hyperglycemia (disorder),895,895
procedure,713026007,http://snomed.info/sct,Plain X-ray of humerus (procedure),929,888
medication_request,861467,http://www.nlm.nih.gov/research/umls/rxnorm,Meperidine Hydrochloride 50 MG Oral Tablet,922,885
condition,90460009,http://snomed.info/sct,Injury of neck (disorder),900,878
condition,39848009,http://snomed.info/sct,Whiplash injury to neck (disorder),900,878
encounter,281036007,http://snomed.info/sct,Follow-up consultation (procedure),2323,876
observation,94040-3,http://loinc.org,Adenovirus A+B+C+D+E DNA [Presence] in Respiratory system specimen by NAA with probe detection,863,863
observation,92139-5,http://loinc.org,Parainfluenza virus 2 RNA [Presence] in Respiratory system specimen by NAA with probe detection,863,863
observation,92140-3,http://loinc.org,Parainfluenza virus 1 RNA [Presence] in Respiratory system specimen by NAA with probe detection,863,863
observation,92131-2,http://loinc.org,Respiratory syncytial virus RNA [Presence] in Respiratory system specimen by NAA with probe detection,863,863
observation,92138-7,http://loinc.org,Parainfluenza virus 3 RNA [Presence] in Respiratory system specimen by NAA with probe detection,863,863
observation,92142-9,http://loinc.org,Influenza virus A RNA [Presence] in Respiratory system specimen by NAA with probe detection,863,863
observation,92134-6,http://loinc.org,Human metapneumovirus RNA [Presence] in Respiratory system specimen by NAA with probe detection,863,863
observation,92130-4,http://loinc.org,Rhinovirus RNA [Presence] in Respiratory system specimen by NAA with probe detection,863,863
diagnostic_report,92143-7,http://loinc.org,Respiratory pathogens DNA and RNA panel - Respiratory system specimen by NAA with probe detection,863,863
observation,92141-1,http://loinc.org,Influenza virus B RNA [Presence] in Respiratory system specimen by NAA with probe detection,863,863
procedure,392247006,http://snomed.info/sct,Insertion of catheter into artery (procedure),865,862
observation,2502-3,http://loinc.org,Iron saturation [Mass Fraction] in Serum or Plasma,10875,861
diagnostic_report,50190-8,http://loinc.org,Iron and Iron binding capacity panel - Serum or Plasma,10875,861
observation,2500-7,http://loinc.org,Iron binding capacity [Mass/volume] in Serum or Plasma,10875,861
observation,2498-4,http://loinc.org,Iron [Mass/volume] in Serum or Plasma,10875,861
condition,88805009,http://snomed.info/sct,Chronic congestive heart failure (disorder),861,861
observation,33762-6,http://loinc.org,Natriuretic peptide.B prohormone N-Terminal [Mass/volume] in Serum or Plasma,10881,861
observation,2777-1,http://loinc.org,Phosphate [Mass/volume] in Serum or Plasma,5634,857
medication_request,313988,http://www.nlm.nih.gov/research/umls/rxnorm,Furosemide 40 MG Oral Tablet,8560,856
procedure,306706006,http://snomed.info/sct,Discharge to ward (procedure),864,855
observation,75325-1,http://loinc.org,Symptom,5118,853
medication_request,1049221,http://www.nlm.nih.gov/research/umls/rxnorm,Acetaminophen 325 MG / Oxycodone Hydrochloride 5 MG Oral Tablet,1801,852
observation,88021-1,http://loinc.org,Objective assessment of cardiovascular disease NYHA,852,852
procedure,433236007,http://snomed.info/sct,Transthoracic echocardiography (procedure),1307,842
encounter,397821002,http://snomed.info/sct,Patient transfer to intensive care unit (procedure),846,838
condition,K04.7,http://hl7.org/fhir/sid/icd-10,Periapical abscess without sinus,915,831
procedure,711069006,http://snomed.info/sct,Coordination of care plan (procedure),849,830
observation,3016-3,http://loinc.org,Thyrotropin [Units/volume] in Serum or Plasma,832,829
observation,29554-3,http://loinc.org,Procedure Narrative,1649,825
observation,2746-6,http://loinc.org,pH of Venous blood,822,820
observation,2027-1,http://loinc.org,"Carbon dioxide, total [Moles/volume] in Venous blood",822,820
observation,2705-2,http://loinc.org,Oxygen [Partial pressure] in Venous blood,822,820
observation,2021-4,http://loinc.org,Carbon dioxide [Partial pressure] in Venous blood,822,820
observation,14627-4,http://loinc.org,Bicarbonate [Moles/volume] in Venous blood,822,820
diagnostic_report,24339-4,http://loinc.org,Gas panel - Venous blood,822,820
procedure,223495004,http://snomed.info/sct,Preparation of patient for procedure (regime/therapy),822,820
procedure,65677008,http://snomed.info/sct,Pulmonary catheterization with Swan-Ganz catheter (procedure),822,820
procedure,23745001,http://snomed.info/sct,Documentation procedure (procedure),822,820
condition,401314000,http://snomed.info/sct,Acute non-ST segment elevation myocardial infarction (disorder),807,807
procedure,359672006,http://snomed.info/sct,Median sternotomy (procedure),809,807
procedure,1263416007,http://snomed.info/sct,Removal of intrauterine contraceptive device (procedure),893,807
encounter,394701000,http://snomed.info/sct,Asthma follow-up (regime/therapy),3699,806
procedure,271280005,http://snomed.info/sct,Removal of endotracheal tube (procedure),800,795
condition,70704007,http://snomed.info/sct,Sprain of wrist (disorder),811,793
condition,197927001,http://snomed.info/sct,Recurrent urinary tract infection (disorder),793,793
condition,2556008,http://snomed.info/sct,Periodontal disease,779,761
procedure,D1330,http://www.ada.org/cdt,oral hygiene instructions,807,761
condition,58150001,http://snomed.info/sct,Fracture of clavicle (disorder),781,761
observation,71425-3,http://loinc.org,Natriuretic peptide.B prohormone N-Terminal [Mass/volume] in Blood by Immunoassay,764,760
observation,21377-7,http://loinc.org,Magnesium [Mass/volume] in Blood,764,760
medication_request,757594,http://www.nlm.nih.gov/research/umls/rxnorm,{28 (norethindrone 0.35 MG Oral Tablet) } Pack [Jolivette 28 Day],1037,759
procedure,168594001,http://snomed.info/sct,Plain X-ray of clavicle (procedure),771,752
procedure,243063003,http://snomed.info/sct,Postoperative procedure education (procedure),840,750
procedure,252482003,http://snomed.info/sct,Stair-climbing test (procedure),839,749
procedure,302761001,http://snomed.info/sct,Walking exercise test (procedure),839,749
allergy,735029006,http://snomed.info/sct,Shellfish (substance),747,747
procedure,D9230,http://www.ada.org/cdt,inhalation of nitrous oxide/analgesia anxiolysis,850,747
procedure,D1704,http://www.ada.org/cdt,Moderna Covid-19 vaccine administration - second dose,821,745
procedure,D9310,http://www.ada.org/cdt,consultation  diagnostic service provided by dentist or physician other than requesting dentist or physician,776,734
medication_request,749762,http://www.nlm.nih.gov/research/umls/rxnorm,{7 (ethinyl estradiol 0.01 MG Oral Tablet) / 84 (ethinyl estradiol 0.03 MG / levonorgestrel 0.15 MG Oral Tablet) } Pack [Seasonique],877,717
procedure,D7310,http://www.ada.org/cdt,alveoloplasty in conjunction with extractions  four or more teeth or tooth spaces per quadrant,1057,717
medication_request,209387,http://www.nlm.nih.gov/research/umls/rxnorm,Acetaminophen 325 MG Oral Tablet [Tylenol],14244,716
observation,91148-7,http://loinc.org,"Pain intensity, Enjoyment of life, General activity scale [PEG]",1501,713
procedure,D4910,http://www.ada.org/cdt,periodontal maintenance,764,710
condition,48333001,http://snomed.info/sct,Burn injury (morphologic abnormality),700,693
medication_request,748879,http://www.nlm.nih.gov/research/umls/rxnorm,{21 (ethinyl estradiol 0.03 MG / levonorgestrel 0.15 MG Oral Tablet) / 7 (inert ingredients 1 MG Oral Tablet) } Pack [Levora 0.15/30 28 Day],855,689
medication_request,978950,http://www.nlm.nih.gov/research/umls/rxnorm,{5 (dienogest 2 MG / estradiol valerate 2 MG Oral Tablet) / 17 (dienogest 3 MG / estradiol valerate 2 MG Oral Tablet) / 2 (estradiol valerate 1 MG Oral Tablet) / 2 (estradiol valerate 3 MG Oral Tablet) / 2 (inert ingredients 1 MG Oral Tablet) } Pack [Natazia 28 Day],817,684
procedure,D2331,http://www.ada.org/cdt,"resin-based composite - two surfaces, anterior",779,683
condition,128613002,http://snomed.info/sct,Seizure disorder (disorder),679,679
condition,1290882004,http://snomed.info/sct,History of seizure (situation),679,679
procedure,D9999,http://www.ada.org/cdt,unspecified adjunctive procedure by report,729,679
medication_request,751905,http://www.nlm.nih.gov/research/umls/rxnorm,{7 (ethinyl estradiol 0.035 MG / norgestimate 0.18 MG Oral Tablet) / 7 (ethinyl estradiol 0.035 MG / norgestimate 0.215 MG Oral Tablet) / 7 (ethinyl estradiol 0.035 MG / norgestimate 0.25 MG Oral Tablet) / 7 (inert ingredients 1 MG Oral Tablet) } Pack [Trinessa 28 Day],830,674
medication_request,206905,http://www.nlm.nih.gov/research/umls/rxnorm,Ibuprofen 400 MG Oral Tablet [Ibu],14346,671
condition,91302008,http://snomed.info/sct,Sepsis (disorder),669,669
condition,36955009,http://snomed.info/sct,Loss of taste (finding),668,668
condition,K00.6,http://hl7.org/fhir/sid/icd-10,Disturbances in tooth eruption,718,667
observation,19926-5,http://loinc.org,FEV1/FVC,9705,666
procedure,71493000,http://snomed.info/sct,Transfusion of packed red blood cells (procedure),1991,666
procedure,127783003,http://snomed.info/sct,Spirometry (procedure),9705,666
encounter,439708006,http://snomed.info/sct,Home visit (procedure),11180,664
procedure,714812005,http://snomed.info/sct,Induced termination of pregnancy (procedure),897,661
procedure,10383002,http://snomed.info/sct,Counseling for termination of pregnancy (procedure),897,661
encounter,270427003,http://snomed.info/sct,Patient-initiated encounter (procedure),897,661
procedure,386394001,http://snomed.info/sct,Pregnancy termination care (regime/therapy),895,661
procedure,711446003,http://snomed.info/sct,Transplantation of kidney regime (regime/therapy),6595,660
procedure,D0210,http://www.ada.org/cdt,intraoral  comprehensive series of radiographic images,688,658
procedure,200619008,http://snomed.info/sct,Comprehensive interview and evaluation (procedure),666,658
procedure,417511005,http://snomed.info/sct,Referral to home health care service (procedure),666,658
procedure,423475008,http://snomed.info/sct,Heart failure education (procedure),1178,656
procedure,428830000,http://snomed.info/sct,Pretransplant evaluation of kidney recipient (procedure),655,655
condition,78275009,http://snomed.info/sct,Obstructive sleep apnea syndrome (disorder),655,655
procedure,70536003,http://snomed.info/sct,Transplant of kidney (procedure),654,654
procedure,15220000,http://snomed.info/sct,Laboratory test (procedure),654,654
procedure,85548006,http://snomed.info/sct,Episiotomy (procedure),764,651
medication_request,748962,http://www.nlm.nih.gov/research/umls/rxnorm,{28 (norethindrone 0.35 MG Oral Tablet) } Pack [Camila 28 Day],815,651
procedure,473231009,http://snomed.info/sct,Renal disorder medication review (procedure),3200,648
medication_request,245314,http://www.nlm.nih.gov/research/umls/rxnorm,albuterol 5 MG/ML Inhalation Solution,10284,646
procedure,440546007,http://snomed.info/sct,Discussion about pregnancy (procedure),694,644
procedure,D0502,http://www.ada.org/cdt,other oral pathology procedures by report,691,644
medication_request,748856,http://www.nlm.nih.gov/research/umls/rxnorm,{24 (drospirenone 3 MG / ethinyl estradiol 0.02 MG Oral Tablet) / 4 (inert ingredients 1 MG Oral Tablet) } Pack [Yaz 28 Day],793,644
condition,19169002,http://snomed.info/sct,Miscarriage in first trimester (disorder),758,644
medication_request,896209,http://www.nlm.nih.gov/research/umls/rxnorm,60 ACTUAT Fluticasone propionate 0.25 MG/ACTUAT / salmeterol 0.05 MG/ACTUAT Dry Powder Inhaler,10213,639
condition,16114001,http://snomed.info/sct,Fracture of ankle (disorder),650,636
medication_request,831533,http://www.nlm.nih.gov/research/umls/rxnorm,{28 (norethindrone 0.35 MG Oral Tablet) } Pack [Errin 28 Day],833,635
procedure,D2393,http://www.ada.org/cdt,"resin-based composite - three surfaces, posterior",675,631
medication_request,309097,http://www.nlm.nih.gov/research/umls/rxnorm,Cefuroxime 250 MG Oral Tablet,670,629
procedure,301807007,http://snomed.info/sct,Removal of subcutaneous contraceptive (procedure),1011,627
procedure,1290459008,http://snomed.info/sct,Plain X-ray of ankle region (procedure),641,627
condition,713197008,http://snomed.info/sct,Recurrent rectal polyp (disorder),626,626
condition,235104008,http://snomed.info/sct,Impacted tooth,636,625
medication_request,1049625,http://www.nlm.nih.gov/research/umls/rxnorm,Acetaminophen 325 MG / Oxycodone Hydrochloride 10 MG Oral Tablet [Percocet],13356,623
condition,R69,http://hl7.org/fhir/sid/icd-10,"Illness, unspecified",657,623
procedure,D0170,http://www.ada.org/cdt,"re-evaluation - limited, problem focused (established patient; not post-operative visit)",640,619
condition,22298006,http://snomed.info/sct,Myocardial infarction (disorder),619,619
condition,263102004,http://snomed.info/sct,Fracture subluxation of wrist (disorder),633,618
procedure,710839006,http://snomed.info/sct,Assessment of cardiac status using monitoring device (procedure),618,618
procedure,165197003,http://snomed.info/sct,Diagnostic assessment (procedure),618,618
allergy,1191,http://www.nlm.nih.gov/research/umls/rxnorm,Aspirin,618,618
observation,65750-2,http://loinc.org,Drugs of abuse 5 panel - Urine by Screen method,995,615
condition,368581000119106,http://snomed.info/sct,Neuropathy due to type 2 diabetes mellitus (disorder),615,615
procedure,713024005,http://snomed.info/sct,Plain X-ray of wrist region (procedure),624,610
medication_request,857005,http://www.nlm.nih.gov/research/umls/rxnorm,Acetaminophen 325 MG / HYDROcodone Bitartrate 7.5 MG Oral Tablet,626,608
procedure,703423002,http://snomed.info/sct,Combined chemotherapy and radiation therapy (procedure),66887,598
procedure,386478007,http://snomed.info/sct,Triage: emergency center (procedure),647,596
procedure,14736009,http://snomed.info/sct,History and physical examination with evaluation and management of patient (procedure),647,596
observation,75636-1,http://loinc.org,Emergency severity index [ESI],647,596
procedure,61746007,http://snomed.info/sct,Taking patient vital signs (procedure),647,596
encounter,170837001,http://snomed.info/sct,Allergic disorder initial assessment (regime/therapy),589,589
condition,1551000119108,http://snomed.info/sct,Nonproliferative diabetic retinopathy due to type II diabetes mellitus,582,582
medication_request,309309,http://www.nlm.nih.gov/research/umls/rxnorm,ciprofloxacin 500 MG Oral Tablet,653,580
procedure,D2332,http://www.ada.org/cdt,"resin-based composite - three surfaces, anterior",631,576
condition,284551006,http://snomed.info/sct,Laceration of foot (disorder),574,568
condition,233604007,http://snomed.info/sct,Pneumonia (disorder),567,566
condition,401303003,http://snomed.info/sct,Acute ST segment elevation myocardial infarction (disorder),564,564
procedure,D2150,http://www.ada.org/cdt,amalgam  two surfaces primary or permanent,648,561
procedure,392091000,http://snomed.info/sct,Care regimes assessment (procedure),670,561
observation,79818-1,http://loinc.org,Study observation Right retina by OCT,9447,560
procedure,700070005,http://snomed.info/sct,Optical coherence tomography of retina (procedure),9447,560
observation,79819-9,http://loinc.org,Study observation Left retina by OCT,9447,560
diagnostic_report,87674-8,http://loinc.org,Optical coherence tomography study,9447,560
condition,K08.9,http://hl7.org/fhir/sid/icd-10,"Disorder of teeth and supporting structures, unspecified",591,560
condition,126906006,http://snomed.info/sct,Neoplasm of prostate (disorder),556,556
procedure,D2140,http://www.ada.org/cdt,amalgam  one surface primary or permanent,661,553
procedure,D7230,http://www.ada.org/cdt,removal of impacted tooth  partially bony,592,553
procedure,18946005,http://snomed.info/sct,Epidural anesthesia (procedure),627,551
condition,46177005,http://snomed.info/sct,End-stage renal disease (disorder),549,549
medication_request,665078,http://www.nlm.nih.gov/research/umls/rxnorm,Loratadine 5 MG Chewable Tablet,548,548
condition,283371005,http://snomed.info/sct,Laceration of forearm (disorder),557,547
observation,80383-3,http://loinc.org,Influenza virus B Ag [Presence] in Upper respiratory specimen by Rapid immunoassay,542,542
diagnostic_report,80381-7,http://loinc.org,Influenza virus A and B Ag panel - Upper respiratory specimen by Rapid immunoassay,542,542
observation,80382-5,http://loinc.org,Influenza virus A Ag [Presence] in Upper respiratory specimen by Rapid immunoassay,542,542
condition,443165006,http://snomed.info/sct,Osteoporotic fracture of bone (disorder),665,541
condition,84229001,http://snomed.info/sct,Fatigue (finding),535,535
procedure,46706006,http://snomed.info/sct,Replacement of contraceptive intrauterine device (procedure),776,534
medication_request,200033,http://www.nlm.nih.gov/research/umls/rxnorm,carvedilol 25 MG Oral Tablet,4221,531
observation,2857-1,http://loinc.org,Prostate specific Ag [Mass/volume] in Serum or Plasma,2895,530
observation,32465-7,http://loinc.org,Physical findings of Prostate,2895,530
procedure,410006001,http://snomed.info/sct,Digital examination of rectum (procedure),2896,530
procedure,8290005,http://snomed.info/sct,Induced cardioplegia (procedure),530,529
procedure,63697000,http://snomed.info/sct,Cardiopulmonary bypass operation (procedure),530,529
procedure,42825003,http://snomed.info/sct,Cannulation (procedure),530,529
procedure,301882004,http://snomed.info/sct,Placement of aortic cross clamp (procedure),530,529
procedure,301884003,http://snomed.info/sct,Removal of aortic cross clamp (procedure),530,529
procedure,233553003,http://snomed.info/sct,Vascular cannula removal (procedure),530,529
procedure,225338004,http://snomed.info/sct,Risk assessment (procedure),529,528
procedure,384700001,http://snomed.info/sct,Injection of tetanus antitoxin (procedure),532,526
immunization,212,http://hl7.org/fhir/sid/cvx,"COVID-19 vaccine, vector-nr, rS-Ad26, PF, 0.5 mL",521,521
condition,284549007,http://snomed.info/sct,Laceration of hand (disorder),528,517
condition,92691004,http://snomed.info/sct,Carcinoma in situ of prostate (disorder),508,508
medication_request,314077,http://www.nlm.nih.gov/research/umls/rxnorm,lisinopril 20 MG Oral Tablet,3279,499
procedure,D2335,http://www.ada.org/cdt,resin-based composite - four or more surfaces or involving incisal angle (anterior),545,498
condition,370247008,http://snomed.info/sct,Facial laceration (disorder),503,498
allergy,111088007,http://snomed.info/sct,Latex (substance),497,497
condition,105995000,http://snomed.info/sct,Disorder of teeth AND/OR supporting structures,501,495
condition,203646004,http://snomed.info/sct,Adolescent idiopathic scoliosis (disorder),492,492
condition,K03.81,http://hl7.org/fhir/sid/icd-10,Cracked tooth,511,490
encounter,371883000,http://snomed.info/sct,Outpatient procedure (procedure),18698,489
procedure,D7953,http://www.ada.org/cdt,bone replacement graft for ridge preservation  per site,575,489
procedure,232717009,http://snomed.info/sct,Coronary artery bypass grafting (procedure),487,486
procedure,31208007,http://snomed.info/sct,Medical induction of labor (procedure),544,485
medication_request,979492,http://www.nlm.nih.gov/research/umls/rxnorm,losartan potassium 50 MG Oral Tablet,3428,484
medication_request,106258,http://www.nlm.nih.gov/research/umls/rxnorm,Hydrocortisone 10 MG/ML Topical Cream,529,483
procedure,D3220,http://www.ada.org/cdt,therapeutic pulpotomy (excluding final restoration) - removal of pulp coronal to the dentinocemental junction and application of medicament,549,483
medication_request,1599803,http://www.nlm.nih.gov/research/umls/rxnorm,24 HR Donepezil hydrochloride 10 MG / Memantine hydrochloride 28 MG Extended Release Oral Capsule,481,481
procedure,D9220,http://www.ada.org/cdt,D9220,501,479
condition,283385000,http://snomed.info/sct,Laceration of thigh (disorder),484,477
allergy,288328004,http://snomed.info/sct,Bee venom (substance),477,477
procedure,D7270,http://www.ada.org/cdt,tooth re-implantation and/or stabilization of accidentally evulsed or displaced tooth,838,476
medication_request,1367439,http://www.nlm.nih.gov/research/umls/rxnorm,21 DAY ethinyl estradiol 0.000625 MG/HR / etonogestrel 0.005 MG/HR Vaginal System [NuvaRing],515,474
medication_request,997488,http://www.nlm.nih.gov/research/umls/rxnorm,Fexofenadine hydrochloride 30 MG Oral Tablet,471,471
procedure,D7288,http://www.ada.org/cdt,brush biopsy  transepithelial sample collection,841,468
procedure,180256009,http://snomed.info/sct,Subcutaneous immunotherapy (procedure),18669,467
allergy,762952008,http://snomed.info/sct,Peanut (substance),463,463
condition,254837009,http://snomed.info/sct,Malignant neoplasm of breast (disorder),461,461
allergy,412071004,http://snomed.info/sct,Wheat (substance),457,457
procedure,D1703,http://www.ada.org/cdt,Moderna Covid-19 vaccine administration - first dose,485,452
medication_request,308182,http://www.nlm.nih.gov/research/umls/rxnorm,Amoxicillin 250 MG Oral Capsule,456,450
condition,707251008,http://snomed.info/sct,Generalised chronic periodontitis,452,448
condition,248595008,http://snomed.info/sct,Sputum finding (finding),447,447
procedure,D9221,http://www.ada.org/cdt,D9221,466,447
condition,201834006,http://snomed.info/sct,"Localized, primary osteoarthritis of the hand (disorder)",445,445
procedure,25656009,http://snomed.info/sct,"Physical examination, complete (procedure)",4919,444
condition,K02.63,http://hl7.org/fhir/sid/icd-10,Dental caries on smooth surface penetrating into pulp,459,441
encounter,185317003,http://snomed.info/sct,Telephone encounter (procedure),1186,440
encounter,183478001,http://snomed.info/sct,Emergency hospital admission for asthma (procedure),654,436
condition,233678006,http://snomed.info/sct,Childhood asthma (disorder),435,435
encounter,410410006,http://snomed.info/sct,Screening surveillance (regime/therapy),3588,433
procedure,71651007,http://snomed.info/sct,Mammography (procedure),3588,433
procedure,385781007,http://snomed.info/sct,Home health aide service (regime/therapy),844,429
observation,2106-3,http://loinc.org,Choriogonadotropin [Presence] in Urine,455,429
procedure,D9222,http://www.ada.org/cdt,deep sedation/general anesthesia - first 15 minutes,496,425
allergy,735971005,http://snomed.info/sct,Fish (substance),424,424
condition,239872002,http://snomed.info/sct,Osteoarthritis of hip (disorder),424,424
encounter,185389009,http://snomed.info/sct,Follow-up visit (procedure),1197,424
medication_request,630208,http://www.nlm.nih.gov/research/umls/rxnorm,albuterol 0.83 MG/ML Inhalation Solution,8493,424
observation,751-8,http://loinc.org,"Neutrophils [#/volume] in Blood by Automated count",4130,421
allergy,102263004,http://snomed.info/sct,Eggs (edible) (substance),421,421
observation,38208-5,http://loinc.org,Pain severity - Reported,3978,417
observation,706-2,http://loinc.org,Basophils/Leukocytes in Blood by Automated count,4124,415
observation,731-0,http://loinc.org,"Lymphocytes [#/volume] in Blood by Automated count",4124,415
observation,5905-5,http://loinc.org,Monocytes/Leukocytes in Blood by Automated count,4124,415
observation,704-7,http://loinc.org,"Basophils [#/volume] in Blood by Automated count",4124,415
observation,711-2,http://loinc.org,"Eosinophils [#/volume] in Blood by Automated count",4124,415
observation,742-7,http://loinc.org,"Monocytes [#/volume] in Blood by Automated count",4124,415
observation,736-9,http://loinc.org,Lymphocytes/Leukocytes in Blood by Automated count,4124,415
observation,770-8,http://loinc.org,Neutrophils/Leukocytes in Blood by Automated count,4124,415
diagnostic_report,57023-4,http://loinc.org,Auto Differential panel - Blood,4124,415
observation,713-8,http://loinc.org,Eosinophils/Leukocytes in Blood by Automated count,4124,415
encounter,183495009,http://snomed.info/sct,Non-urgent orthopedic admission (procedure),431,413
condition,125601008,http://snomed.info/sct,Injury of knee (disorder),421,410
procedure,D2740,http://www.ada.org/cdt,crown  porcelain/ceramic,447,410
medication_request,1049630,http://www.nlm.nih.gov/research/umls/rxnorm,diphenhydrAMINE Hydrochloride 25 MG Oral Tablet,409,409
procedure,65575008,http://snomed.info/sct,Biopsy of prostate (procedure),513,407
observation,46288-7,http://loinc.org,US Guidance for biopsy of Prostate,513,407
condition,315268008,http://snomed.info/sct,Suspected prostate cancer (situation),513,407
medication_request,245134,http://www.nlm.nih.gov/research/umls/rxnorm,72 HR Fentanyl 0.025 MG/HR Transdermal System,9519,404
condition,156073000,http://snomed.info/sct,Complete miscarriage (disorder),456,404
procedure,D9243,http://www.ada.org/cdt,intravenous moderate (conscious) sedation/analgesia - each subsequent 15 minute increment,445,402
allergy,442571000124108,http://snomed.info/sct,Tree nut (substance),401,401
procedure,D0803,http://www.ada.org/cdt,3D facial surface scan - direct,430,401
procedure,1290407002,http://snomed.info/sct,Plain X-ray of knee region (procedure),409,398
allergy,3718001,http://snomed.info/sct,Cow's milk (substance),393,393
condition,M27.2,http://hl7.org/fhir/sid/icd-10,Inflammatory conditions of jaws,400,390
condition,K12.2,http://hl7.org/fhir/sid/icd-10,Cellulitis and abscess of mouth,399,389
medication_request,855332,http://www.nlm.nih.gov/research/umls/rxnorm,Warfarin Sodium 5 MG Oral Tablet,10568,388
procedure,D6010,http://www.ada.org/cdt,surgical placement of implant body endosteal implant,590,384
condition,403190006,http://snomed.info/sct,Epidermal burn of skin (disorder),383,380
procedure,D7285,http://www.ada.org/cdt,"incisional biopsy of oral tissue-hard (bone, tooth)",568,379
procedure,15081005,http://snomed.info/sct,Pulmonary rehabilitation (regime/therapy),5726,376
procedure,D0701,http://www.ada.org/cdt,panoramic radiographic image - image capture only,384,372
procedure,43075005,http://snomed.info/sct,Partial resection of colon (procedure),372,372
condition,84757009,http://snomed.info/sct,Epilepsy (disorder),371,371
condition,203082005,http://snomed.info/sct,Fibromyalgia (disorder),362,362
procedure,D7311,http://www.ada.org/cdt,alveoloplasty in conjunction with extractions  one to three teeth or tooth spaces per quadrant,458,361
allergy,29046,http://www.nlm.nih.gov/research/umls/rxnorm,Lisinopril,355,355
condition,87433001,http://snomed.info/sct,Pulmonary emphysema (disorder),354,354
encounter,448337001,http://snomed.info/sct,Telemedicine consultation with patient (procedure),24470,353
condition,24079001,http://snomed.info/sct,Atopic dermatitis (disorder),353,353
condition,K05.10,http://hl7.org/fhir/sid/icd-10,"Chronic gingivitis, plaque induced",362,347
procedure,229064008,http://snomed.info/sct,Movement therapy (regime/therapy),3410,346
condition,K08.8,http://hl7.org/fhir/sid/icd-10,Other specified disorders of teeth and supporting structures,357,345
condition,K08.0,http://hl7.org/fhir/sid/icd-10,Exfoliation of teeth due to systemic causes,358,344
medication_request,1648755,http://www.nlm.nih.gov/research/umls/rxnorm,"nitrofurantoin, macrocrystals 25 MG / nitrofurantoin, monohydrate 75 MG Oral Capsule",385,340
medication_request,1860491,http://www.nlm.nih.gov/research/umls/rxnorm,12 HR Hydrocodone Bitartrate 10 MG Extended Release Oral Capsule,7805,339
procedure,51116004,http://snomed.info/sct,Passive immunization (procedure),1238,336
procedure,11466000,http://snomed.info/sct,Cesarean section (procedure),364,336
medication_request,198335,http://www.nlm.nih.gov/research/umls/rxnorm,sulfamethoxazole 800 MG / trimethoprim 160 MG Oral Tablet,368,336
medication_request,1049504,http://www.nlm.nih.gov/research/umls/rxnorm,Abuse-Deterrent 12 HR Oxycodone Hydrochloride 10 MG Extended Release Oral Tablet [Oxycontin],8029,334
medication_request,1014676,http://www.nlm.nih.gov/research/umls/rxnorm,cetirizine hydrochloride 5 MG Oral Tablet,331,331
condition,32911000,http://snomed.info/sct,Homeless (finding),341,329
condition,Z01.20,http://hl7.org/fhir/sid/icd-10,Encounter for dental examination and cleaning without abnormal findings,341,328
medication_request,835603,http://www.nlm.nih.gov/research/umls/rxnorm,tramadol hydrochloride 50 MG Oral Tablet,7807,324
condition,K01.1,http://hl7.org/fhir/sid/icd-10,Impacted teeth,333,323
procedure,418891003,http://snomed.info/sct,Computed tomography of chest and abdomen (procedure),321,321
procedure,698354004,http://snomed.info/sct,Magnetic resonance imaging for measurement of brain volume (procedure),321,321
condition,162573006,http://snomed.info/sct,Suspected lung cancer (situation),321,321
condition,1085961000119100,http://snomed.info/sct,Dental caries on pit and fissure surface penetrating into dentin,317,315
condition,1085991000119107,http://snomed.info/sct,Dental caries on smooth surface penetrating into dentin,321,315
procedure,D1702,http://www.ada.org/cdt,Pfizer-BioNTech Covid-19 vaccine administration - second dose,327,314
condition,1086001000119108,http://snomed.info/sct,Dental caries on smooth surface penetrating into pulp,316,313
condition,185086009,http://snomed.info/sct,Chronic obstructive bronchitis (disorder),312,312
procedure,D1705,http://www.ada.org/cdt,AstraZeneca Covid-19 vaccine administration - first dose,328,309
procedure,306206005,http://snomed.info/sct,Referral to service (procedure),309,308
procedure,D0180,http://www.ada.org/cdt,comprehensive periodontal evaluation  new or established patient,315,308
condition,359817006,http://snomed.info/sct,Closed fracture of hip (disorder),312,307
procedure,D0190,http://www.ada.org/cdt,screening of a patient,318,306
procedure,699253003,http://snomed.info/sct,Surgical manipulation of joint of knee (procedure),310,304
procedure,418824004,http://snomed.info/sct,Off-pump coronary artery bypass (procedure),303,303
condition,446096008,http://snomed.info/sct,Perennial allergic rhinitis (disorder),302,302
condition,73430006,http://snomed.info/sct,Sleep apnea (disorder),302,302
procedure,D0240,http://www.ada.org/cdt,intraoral  occlusal radiographic image,306,300
procedure,313191000,http://snomed.info/sct,Injection of epinephrine (procedure),325,299
condition,241929008,http://snomed.info/sct,Acute allergic reaction (disorder),325,299
procedure,713021002,http://snomed.info/sct,Plain X-ray of pelvis (procedure),302,297
condition,33737001,http://snomed.info/sct,Fracture of rib (disorder),298,295
medication_request,197604,http://www.nlm.nih.gov/research/umls/rxnorm,Digoxin 0.125 MG Oral Tablet,9814,290
condition,49436004,http://snomed.info/sct,Atrial fibrillation (disorder),290,290
procedure,54550000,http://snomed.info/sct,Electroencephalogram (procedure),467,290
encounter,4525004,http://snomed.info/sct,Emergency department patient visit (procedure),289,289
condition,K05.30,http://hl7.org/fhir/sid/icd-10,"Chronic periodontitis, unspecified",298,288
medication_request,197454,http://www.nlm.nih.gov/research/umls/rxnorm,cephalexin 500 MG Oral Tablet,301,287
medication_request,897685,http://www.nlm.nih.gov/research/umls/rxnorm,verapamil hydrochloride 80 MG Oral Tablet [Calan],9492,286
condition,232353008,http://snomed.info/sct,Perennial allergic rhinitis with seasonal variation (disorder),286,286
allergy,7984,http://www.nlm.nih.gov/research/umls/rxnorm,Penicillin V,284,284
condition,183996000,http://snomed.info/sct,Sterilization requested (situation),284,284
procedure,D4355,http://www.ada.org/cdt,full mouth debridement to enable a comprehensive periodontal evaluation and diagnosis on a subsequent visit,286,282
condition,254637007,http://snomed.info/sct,Non-small cell lung cancer (disorder),281,281
condition,424132000,http://snomed.info/sct,"Non-small cell carcinoma of lung, TNM stage 1 (disorder)",281,281
medication_request,996740,http://www.nlm.nih.gov/research/umls/rxnorm,Memantine hydrochloride 2 MG/ML Oral Solution,280,280
procedure,76746007,http://snomed.info/sct,Cardiovascular stress testing (procedure),280,280
procedure,D7220,http://www.ada.org/cdt,removal of impacted tooth  soft tissue,291,279
procedure,D4999,http://www.ada.org/cdt,unspecified periodontal procedure by report,284,278
medication_request,895996,http://www.nlm.nih.gov/research/umls/rxnorm,120 ACTUAT fluticasone propionate 0.044 MG/ACTUAT Metered Dose Inhaler [Flovent],5172,276
condition,K09.0,http://hl7.org/fhir/sid/icd-10,Developmental odontogenic cysts,284,276
condition,403191005,http://snomed.info/sct,Partial thickness burn (disorder),276,275
condition,C01,http://hl7.org/fhir/sid/icd-10,Malignant neoplasm of base of tongue,280,274
condition,K08.3,http://hl7.org/fhir/sid/icd-10,Retained dental root,279,271
condition,267036007,http://snomed.info/sct,Dyspnea (finding),270,270
medication_request,1804799,http://www.nlm.nih.gov/research/umls/rxnorm,Alteplase 100 MG Injection,270,270
procedure,D1310,http://www.ada.org/cdt,nutritional counseling for control of dental disease,279,270
condition,56018004,http://snomed.info/sct,Wheezing (finding),270,270
procedure,169673001,http://snomed.info/sct,Antenatal RhD antibody screening (procedure),483,270
procedure,35025007,http://snomed.info/sct,Manual pelvic examination (procedure),2227,269
procedure,D2160,http://www.ada.org/cdt,amalgam  three surfaces primary or permanent,288,269
encounter,310061009,http://snomed.info/sct,Gynecology service (qualifier value),2229,269
condition,62564004,http://snomed.info/sct,Concussion with loss of consciousness (disorder),269,266
condition,1231000119100,http://snomed.info/sct,History of aortic valve replacement (situation),265,265
procedure,D4342,http://www.ada.org/cdt,periodontal scaling and root planing  one to three teeth per quadrant,277,265
encounter,170838006,http://snomed.info/sct,Allergic disorder follow-up assessment (regime/therapy),260,260
encounter,86013001,http://snomed.info/sct,Periodic reevaluation and management of healthy individual (procedure),257,257
condition,192127007,http://snomed.info/sct,Child attention deficit disorder (disorder),257,257
procedure,237001001,http://snomed.info/sct,Augmentation of labor (procedure),269,256
condition,389087006,http://snomed.info/sct,Hypoxemia (disorder),252,252
condition,271825005,http://snomed.info/sct,Respiratory distress (finding),252,252
observation,48065-7,http://loinc.org,Fibrin D-dimer FEU [Mass/volume] in Platelet poor plasma,1995,252
observation,2157-6,http://loinc.org,Creatine kinase [Enzymatic activity/volume] in Serum or Plasma,1995,252
observation,14804-9,http://loinc.org,Lactate dehydrogenase [Enzymatic activity/volume] in Serum or Plasma by Lactate to pyruvate reaction,1995,252
encounter,1505002,http://snomed.info/sct,Hospital admission for isolation (procedure),252,252
medication_request,993770,http://www.nlm.nih.gov/research/umls/rxnorm,Acetaminophen 300 MG / Codeine Phosphate 15 MG Oral Tablet,5625,252
condition,60573004,http://snomed.info/sct,Aortic valve stenosis (disorder),252,252
observation,33959-8,http://loinc.org,Procalcitonin [Mass/volume] in Serum or Plasma,1995,252
observation,1988-5,http://loinc.org,C reactive protein [Mass/volume] in Serum or Plasma,1995,252
procedure,171231001,http://snomed.info/sct,Asthma screening (procedure),251,251
procedure,D5110,http://www.ada.org/cdt,complete denture  maxillary,298,250
medication_request,1534809,http://www.nlm.nih.gov/research/umls/rxnorm,168 HR Ethinyl Estradiol 0.00146 MG/HR / norelgestromin 0.00625 MG/HR Transdermal System,269,248
condition,307731004,http://snomed.info/sct,Injury of tendon of the rotator cuff of shoulder (disorder),250,246
medication_request,477045,http://www.nlm.nih.gov/research/umls/rxnorm,Chlorpheniramine Maleate 2 MG/ML Oral Solution,246,246
medication_request,617311,http://www.nlm.nih.gov/research/umls/rxnorm,atorvastatin 40 MG Oral Tablet,245,245
procedure,90470006,http://snomed.info/sct,Prostatectomy (procedure),244,244
encounter,210098006,http://snomed.info/sct,Domiciliary or rest home patient evaluation and management (procedure),957,240
observation,63513-6,http://loinc.org,Are you covered by health insurance or some other kind of health care plan [PhenX],956,239
observation,55277-8,http://loinc.org,HIV status,956,239
observation,28245-9,http://loinc.org,Abuse Status [OMAHA],956,239
procedure,D9610,http://www.ada.org/cdt,therapeutic parenteral drug single administration,253,239
observation,71802-3,http://loinc.org,Housing status,956,239
observation,46240-8,http://loinc.org,History of Hospitalizations+Outpatient visits Narrative,956,239
observation,76690-7,http://loinc.org,Sexual orientation,956,239
procedure,311791003,http://snomed.info/sct,Information gathering (procedure),956,239
condition,398254007,http://snomed.info/sct,Pre-eclampsia (disorder),253,235
procedure,268533009,http://snomed.info/sct,Sterilization education (procedure),234,234
procedure,D2394,http://www.ada.org/cdt,"resin-based composite - four or more surfaces, posterior",245,234
procedure,D9110,http://www.ada.org/cdt,palliative treatment of dental pain  per visit,243,233
procedure,183444007,http://snomed.info/sct,Referral for further care (procedure),251,233
procedure,D3310,http://www.ada.org/cdt,endodontic therapy anterior tooth excluding final restoration,245,233
condition,198992004,http://snomed.info/sct,Eclampsia in pregnancy (disorder),241,232
procedure,287664005,http://snomed.info/sct,Ligation of bilateral fallopian tubes (procedure),231,231
procedure,D0801,http://www.ada.org/cdt,3D dental surface scan - direct,239,231
medication_request,198031,http://www.nlm.nih.gov/research/umls/rxnorm,24 HR nicotine 0.292 MG/HR Transdermal System,229,229
procedure,D2950,http://www.ada.org/cdt,core buildup including any pins when required,246,229
condition,5602001,http://snomed.info/sct,Opioid abuse,228,228
condition,449868002,http://snomed.info/sct,Smokes tobacco daily (finding),226,226
medication_request,1860154,http://www.nlm.nih.gov/research/umls/rxnorm,Abuse-Deterrent 12 HR Oxycodone Hydrochloride 15 MG Extended Release Oral Tablet,1186,226
procedure,D3330,http://www.ada.org/cdt,endodontic therapy molar tooth excluding final restoration,230,222
condition,K08.409,http://hl7.org/fhir/sid/icd-10,"Partial loss of teeth, unspecified cause, unspecified class",230,222
condition,K05.312,http://hl7.org/fhir/sid/icd-10,"Chronic periodontitis, localized, moderate",226,222
medication_request,197591,http://www.nlm.nih.gov/research/umls/rxnorm,Diazepam 5 MG Oral Tablet,295,219
procedure,236974004,http://snomed.info/sct,Instrumental delivery (procedure),227,218
procedure,390791001,http://snomed.info/sct,Referral for echocardiography (procedure),552,215
condition,876882001,http://snomed.info/sct,Died in hospice (finding),215,215
condition,68962001,http://snomed.info/sct,Muscle pain (finding),213,213
condition,57676002,http://snomed.info/sct,Joint pain,213,213
procedure,D1701,http://www.ada.org/cdt,Pfizer-BioNTech Covid-19 vaccine administration - first dose,222,213
condition,35999006,http://snomed.info/sct,Blighted ovum (disorder),220,212
procedure,D7251,http://www.ada.org/cdt,coronectomy  intentional partial tooth removal impacted teeth only,269,211
medication_request,351109,http://www.nlm.nih.gov/research/umls/rxnorm,budesonide 0.25 MG/ML Inhalation Suspension,4628,210
procedure,65546002,http://snomed.info/sct,Extraction of wisdom tooth (procedure),1069,209
procedure,305351004,http://snomed.info/sct,Admission to intensive care unit (procedure),266,209
procedure,D7260,http://www.ada.org/cdt,oroantral fistula closure,269,207
medication_request,308971,http://www.nlm.nih.gov/research/umls/rxnorm,carbamazepine 20 MG/ML Oral Suspension [Tegretol],293,207
procedure,D7261,http://www.ada.org/cdt,primary closure of a sinus perforation,261,206
procedure,D0270,http://www.ada.org/cdt,bitewing  single radiographic image,210,206
condition,83664006,http://snomed.info/sct,Idiopathic atrophic hypothyroidism (disorder),202,202
condition,S02.5XXA,http://hl7.org/fhir/sid/icd-10,"Fracture of tooth (traumatic), initial encounter for closed fracture",209,202
medication_request,966222,http://www.nlm.nih.gov/research/umls/rxnorm,Levothyroxine Sodium 0.075 MG Oral Tablet,202,202
observation,88040-1,http://loinc.org,Response to cancer treatment,741,202
medication_request,866924,http://www.nlm.nih.gov/research/umls/rxnorm,metoprolol tartrate 25 MG Oral Tablet,199,199
medication_request,204892,http://www.nlm.nih.gov/research/umls/rxnorm,clonazePAM 0.25 MG Oral Tablet,297,198
procedure,D2934,http://www.ada.org/cdt,prefabricated esthetic coated stainless steel crown  primary tooth,203,198
procedure,228557008,http://snomed.info/sct,Cognitive and behavioral therapy (regime/therapy),2559,198
condition,718052004,http://snomed.info/sct,Asymptomatic periapical periodontitis,198,197
medication_request,198014,http://www.nlm.nih.gov/research/umls/rxnorm,Naproxen 500 MG Oral Tablet,210,197
condition,C09.9,http://hl7.org/fhir/sid/icd-10,"Malignant neoplasm of tonsil, unspecified",200,196
condition,K03.6,http://hl7.org/fhir/sid/icd-10,Deposits [accretions] on teeth,201,194
procedure,D5120,http://www.ada.org/cdt,complete denture  mandibular,227,193
condition,C76.0,http://hl7.org/fhir/sid/icd-10,"Malignant neoplasm of head, face and neck",191,190
condition,109838007,http://snomed.info/sct,Overlapping malignant neoplasm of colon (disorder),189,189
procedure,D5986,http://www.ada.org/cdt,fluoride gel carrier,201,188
condition,7200002,http://snomed.info/sct,Alcoholism (disorder),187,187
procedure,448337001,http://snomed.info/sct,Telemedicine consultation with patient (procedure),203,187
procedure,D9215,http://www.ada.org/cdt,local anesthesia in conjunction with operative or surgical procedures,193,187
condition,267102003,http://snomed.info/sct,Sore throat (finding),186,186
condition,363406005,http://snomed.info/sct,Malignant neoplasm of colon (disorder),186,186
procedure,367494004,http://snomed.info/sct,Premature birth of newborn (finding),191,186
procedure,430701006,http://snomed.info/sct,Resuscitation using intravenous fluid (procedure),379,185
observation,32693-4,http://loinc.org,Lactate [Moles/volume] in Blood,379,185
observation,8478-0,http://loinc.org,Mean blood pressure,184,184
observation,88262-1,http://loinc.org,Gram positive blood culture panel by Probe in Positive blood culture,184,184
condition,Z51.0,http://hl7.org/fhir/sid/icd-10,Encounter for antineoplastic radiation therapy,185,184
diagnostic_report,600-7,http://loinc.org,Bacteria identified in Blood by Culture,184,184
observation,44963-7,http://loinc.org,Capillary refill [Time] of Nail bed,184,184
condition,M27.8,http://hl7.org/fhir/sid/icd-10,Other specified diseases of jaws,186,183
condition,66569006,http://snomed.info/sct,Retained dental root,183,182
medication_request,617310,http://www.nlm.nih.gov/research/umls/rxnorm,atorvastatin 20 MG Oral Tablet,181,181
allergy,256355007,http://snomed.info/sct,Glycine max (substance),179,179
procedure,D9239,http://www.ada.org/cdt,intravenous moderate (conscious) sedation/analgesia- first 15 minutes,190,178
condition,C41.1,http://hl7.org/fhir/sid/icd-10,Malignant neoplasm of mandible,183,178
procedure,D9920,http://www.ada.org/cdt,"behavior management, by report",189,178
condition,K02.7,http://hl7.org/fhir/sid/icd-10,Dental root caries,180,177
procedure,76164006,http://snomed.info/sct,Biopsy of colon (procedure),180,176
condition,C02.9,http://hl7.org/fhir/sid/icd-10,"Malignant neoplasm of tongue, unspecified",178,175
procedure,D7880,http://www.ada.org/cdt,occlusal orthotic device by report,193,174
condition,76571007,http://snomed.info/sct,Septic shock (disorder),170,170
condition,K02.53,http://hl7.org/fhir/sid/icd-10,Dental caries on pit and fissure surface penetrating into pulp,170,170
condition,25064002,http://snomed.info/sct,Headache (finding),170,170
condition,C32.9,http://hl7.org/fhir/sid/icd-10,"Malignant neoplasm of larynx, unspecified",172,169
condition,90560007,http://snomed.info/sct,Gout,169,169
medication_request,866427,http://www.nlm.nih.gov/research/umls/rxnorm,24 HR metoprolol succinate 25 MG Extended Release Oral Tablet,169,169
condition,K04.4,http://hl7.org/fhir/sid/icd-10,Acute apical periodontitis of pulpal origin,170,168
medication_request,197511,http://www.nlm.nih.gov/research/umls/rxnorm,ciprofloxacin 250 MG Oral Tablet,174,168
medication_request,749882,http://www.nlm.nih.gov/research/umls/rxnorm,{7 (inert ingredients 1 MG Oral Tablet) / 21 (mestranol 0.05 MG / norethindrone 1 MG Oral Tablet) } Pack [Norinyl 1+50 28 Day],271,168
condition,K04.90,http://hl7.org/fhir/sid/icd-10,Unspecified diseases of pulp and periapical tissues,171,167
condition,367498001,http://snomed.info/sct,Seasonal allergic rhinitis (disorder),167,167
medication_request,2563431,http://www.nlm.nih.gov/research/umls/rxnorm,aspirin 81 MG Oral Capsule [Vazalore],5514,165
procedure,180178009,http://snomed.info/sct,Continuous subcutaneous infusion of insulin (procedure),165,165
procedure,449214001,http://snomed.info/sct,Transfer to stepdown unit (procedure),228,165
procedure,698560000,http://snomed.info/sct,Referral to sleep apnea clinic (procedure),275,161
condition,C06.9,http://hl7.org/fhir/sid/icd-10,"Malignant neoplasm of mouth, unspecified",162,160
encounter,223484005,http://snomed.info/sct,Discussion about treatment (procedure),159,159
procedure,D1320,http://www.ada.org/cdt,tobacco counseling for the control and prevention of oral disease,166,159
procedure,122548005,http://snomed.info/sct,Biopsy of breast (procedure),159,159
procedure,434363004,http://snomed.info/sct,Human epidermal growth factor receptor 2 gene detection by fluorescence in situ hybridization (procedure),159,159
condition,K05.313,http://hl7.org/fhir/sid/icd-10,"Chronic periodontitis, localized, severe",160,159
observation,21907-1,http://loinc.org,Distant metastases.clinical [Class] Cancer,159,159
observation,85339-0,http://loinc.org,Progesterone receptor Ag [Presence] in Breast cancer specimen by Immune stain,159,159
observation,85319-2,http://loinc.org,HER2 [Presence] in Breast cancer specimen by Immune stain,159,159
observation,21908-9,http://loinc.org,Stage group.clinical Cancer,295,159
observation,85337-4,http://loinc.org,Estrogen receptor Ag [Presence] in Breast cancer specimen by Immune stain,159,159
observation,85318-4,http://loinc.org,ERBB2 gene duplication [Presence] in Breast cancer specimen by FISH,159,159
observation,21905-5,http://loinc.org,Primary tumor.clinical [Class] Cancer,159,159
observation,21906-3,http://loinc.org,Regional lymph nodes.clinical [Class] Cancer,159,159
procedure,433114000,http://snomed.info/sct,Human epidermal growth factor receptor 2 gene detection by immunohistochemistry (procedure),159,159
procedure,223487003,http://snomed.info/sct,Discussion about options (procedure),159,159
allergy,10831,http://www.nlm.nih.gov/research/umls/rxnorm,Sulfamethoxazole / Trimethoprim,158,158
procedure,D1510,http://www.ada.org/cdt,space maintainer  fixed unilateral  per quadrant,162,157
procedure,16335031000119103,http://snomed.info/sct,High resolution computed tomography of chest without contrast (procedure),6768,157
procedure,398171003,http://snomed.info/sct,Hearing examination (procedure),33857,157
observation,33728-7,http://loinc.org,Size.maximum dimension in Tumor,157,157
encounter,79094001,http://snomed.info/sct,Initial psychiatric interview with mental status and evaluation (procedure),159,156
medication_request,866436,http://www.nlm.nih.gov/research/umls/rxnorm,24 HR metoprolol succinate 50 MG Extended Release Oral Tablet,156,156
condition,230690007,http://snomed.info/sct,Cerebrovascular accident (disorder),155,155
procedure,433112001,http://snomed.info/sct,Percutaneous mechanical thrombectomy of portal vein using fluoroscopic guidance with contrast (procedure),155,155
medication_request,859088,http://www.nlm.nih.gov/research/umls/rxnorm,NDA020983 200 ACTUAT albuterol 0.09 MG/ACTUAT Metered Dose Inhaler [Ventolin],3023,154
medication_request,617312,http://www.nlm.nih.gov/research/umls/rxnorm,atorvastatin 10 MG Oral Tablet,153,153
procedure,D9210,http://www.ada.org/cdt,local anesthesia not in conjunction with operative or surgical procedures,160,152
procedure,D2750,http://www.ada.org/cdt,crown  porcelain fused to high noble metal,165,150
observation,59557-9,http://loinc.org,Treatment status Cancer,150,150
procedure,26604007,http://snomed.info/sct,Complete blood count (procedure),151,149
condition,8004003,http://snomed.info/sct,Teething syndrome,149,148
condition,65710008,http://snomed.info/sct,Acute respiratory failure (disorder),147,147
procedure,709010006,http://snomed.info/sct,Liaising with referral source (procedure),147,147
procedure,183976008,http://snomed.info/sct,Operative procedure planned (situation),147,147
procedure,112790001,http://snomed.info/sct,Nasal sinus endoscopy (procedure),147,147
medication_request,349094,http://www.nlm.nih.gov/research/umls/rxnorm,budesonide 0.125 MG/ML Inhalation Suspension,3234,147
condition,43724002,http://snomed.info/sct,Chill (finding),147,147
procedure,D4266,http://www.ada.org/cdt,guided tissue regeneration natural teeth  resorbable barrier per site,170,147
procedure,365853002,http://snomed.info/sct,Imaging finding (finding),147,147
procedure,312853008,http://snomed.info/sct,Medical records review (procedure),147,147
procedure,312384001,http://snomed.info/sct,Multidisciplinary assessment (procedure),146,146
procedure,418023006,http://snomed.info/sct,"Computed tomography of chest, abdomen and pelvis (procedure)",144,144
condition,48724000,http://snomed.info/sct,Mitral valve regurgitation (disorder),142,142
condition,K05.32,http://hl7.org/fhir/sid/icd-10,"Chronic periodontitis, generalized",143,142
observation,66529-9,http://loinc.org,Percentage area affected by eczema Trunk [PhenX],142,142
observation,66524-0,http://loinc.org,Percentage area affected by eczema Upper extremity - bilateral [PhenX],142,142
observation,66534-9,http://loinc.org,Percentage area affected by eczema Lower extremity - bilateral [PhenX],142,142
observation,19994-3,http://loinc.org,Oxygen/Total gas setting [Volume Fraction] Ventilator,1968,142
observation,66519-0,http://loinc.org,Percentage area affected by eczema Head and Neck [PhenX],142,142
condition,K05.6,http://hl7.org/fhir/sid/icd-10,"Periodontal disease, unspecified",139,139
condition,C07,http://hl7.org/fhir/sid/icd-10,Malignant neoplasm of parotid gland,142,139
condition,230265002,http://snomed.info/sct,Familial Alzheimer's disease of early onset (disorder),138,138
condition,D16.5,http://hl7.org/fhir/sid/icd-10,Benign neoplasm of lower jaw bone,141,138
condition,74400008,http://snomed.info/sct,Appendicitis (disorder),137,137
procedure,80146002,http://snomed.info/sct,Excision of appendix (procedure),137,137
medication_request,1649987,http://www.nlm.nih.gov/research/umls/rxnorm,doxycycline hyclate 100 MG,137,137
procedure,D7241,http://www.ada.org/cdt,removal of impacted tooth  completely bony with unusual surgical complications,142,136
observation,44667-4,http://loinc.org,Site of distant metastasis in Breast tumor,136,136
condition,707252001,http://snomed.info/sct,Localised chronic periodontitis,134,134
condition,67782005,http://snomed.info/sct,Acute respiratory distress syndrome (disorder),132,132
procedure,37729005,http://snomed.info/sct,"Patient transfer, in-hospital (procedure)",132,132
procedure,58828004,http://snomed.info/sct,"Application of dressing, sterile (procedure)",132,132
procedure,133900002,http://snomed.info/sct,Intraoperative care (regime/therapy),132,132
procedure,34896006,http://snomed.info/sct,Incision (procedure),132,132
encounter,453131000124105,http://snomed.info/sct,Videotelephony encounter (procedure),138,131
medication_request,896001,http://www.nlm.nih.gov/research/umls/rxnorm,120 ACTUAT fluticasone propionate 0.11 MG/ACTUAT Metered Dose Inhaler [Flovent],2742,131
medication_request,745752,http://www.nlm.nih.gov/research/umls/rxnorm,NDA021457 200 ACTUAT albuterol 0.09 MG/ACTUAT Metered Dose Inhaler [ProAir],3182,131
condition,444448004,http://snomed.info/sct,Injury of medial collateral ligament of knee (disorder),130,130
medication_request,235389,http://www.nlm.nih.gov/research/umls/rxnorm,Mestranol / Norethynodrel,250,130
condition,K13.70,http://hl7.org/fhir/sid/icd-10,Unspecified lesions of oral mucosa,131,130
condition,283545005,http://snomed.info/sct,Gunshot wound (disorder),129,129
procedure,180325003,http://snomed.info/sct,Direct current cardioversion (procedure),129,129
procedure,D4210,http://www.ada.org/cdt,gingivectomy or gingivoplasty  four or more contiguous teeth or tooth bounded spaces per quadrant,145,129
procedure,116861002,http://snomed.info/sct,Transfusion of fresh frozen plasma (procedure),134,129
condition,262574004,http://snomed.info/sct,Bullet wound (disorder),129,129
procedure,252480006,http://snomed.info/sct,Simple walk test (procedure),128,128
procedure,445988008,http://snomed.info/sct,Assessment using health assessment questionnaire (procedure),128,128
procedure,763228001,http://snomed.info/sct,Assessment using Canadian Study of Health and Aging Clinical Frailty Scale (procedure),128,128
procedure,772071006,http://snomed.info/sct,Referral to dentist (procedure),128,128
observation,86923-0,http://loinc.org,Kansas City Cardiomyopathy Questionnaire - 12 item [KCCQ-12],128,128
procedure,D9630,http://www.ada.org/cdt,drugs or medicaments dispensed in the office for home use,130,127
medication_request,197378,http://www.nlm.nih.gov/research/umls/rxnorm,Astemizole 10 MG Oral Tablet,126,126
condition,C03.1,http://hl7.org/fhir/sid/icd-10,Malignant neoplasm of lower gum,126,125
condition,K02.62,http://hl7.org/fhir/sid/icd-10,Dental caries on smooth surface penetrating into dentin,127,125
condition,Z00.00,http://hl7.org/fhir/sid/icd-10,Encounter for general adult medical examination without abnormal findings,129,125
procedure,D7287,http://www.ada.org/cdt,exfoliative cytological sample collection,142,125
condition,1085951000119102,http://snomed.info/sct,Dental caries on pit and fissure surface limited to enamel,126,124
condition,127294003,http://snomed.info/sct,Traumatic or nontraumatic brain injury (disorder),123,123
procedure,D6057,http://www.ada.org/cdt,custom fabricated abutment  includes placement,128,122
procedure,D7999,http://www.ada.org/cdt,unspecified oral surgery procedure by report,121,121
condition,427419006,http://snomed.info/sct,Transformed migraine (disorder),120,120
condition,Z41.8,http://hl7.org/fhir/sid/icd-10,Encounter for other procedures for purposes other than remedying health state,121,120
medication_request,979480,http://www.nlm.nih.gov/research/umls/rxnorm,losartan potassium 100 MG Oral Tablet,119,119
condition,K04.6,http://hl7.org/fhir/sid/icd-10,Periapical abscess with sinus,119,118
condition,K05.322,http://hl7.org/fhir/sid/icd-10,"Chronic periodontitis, generalized, moderate",121,118
encounter,308251003,http://snomed.info/sct,Admission to clinical oncology department (procedure),118,118
medication_request,198211,http://www.nlm.nih.gov/research/umls/rxnorm,simvastatin 40 MG Oral Tablet,118,118
procedure,D9430,http://www.ada.org/cdt,office visit for observation (during regularly scheduled hours) - no other services performed,124,117
condition,54711002,http://snomed.info/sct,Gingival enlargement,115,115
condition,85116003,http://snomed.info/sct,Miscarriage in second trimester (disorder),117,115
encounter,305411003,http://snomed.info/sct,Admission to thoracic surgery department (procedure),115,115
procedure,D0367,http://www.ada.org/cdt,cone beam CT capture and interpretation with field of view of both jaws with or without cranium,118,115
procedure,D4212,http://www.ada.org/cdt,gingivectomy or gingivoplasty to allow access for restorative procedure per tooth,115,115
medication_request,259255,http://www.nlm.nih.gov/research/umls/rxnorm,atorvastatin 80 MG Oral Tablet,115,115
condition,1085971000119106,http://snomed.info/sct,Dental caries on pit and fissure surface penetrating into pulp,114,114
medication_request,1431987,http://www.nlm.nih.gov/research/umls/rxnorm,24 HR tacrolimus 5 MG Extended Release Oral Capsule [Astagraf],3709,114
condition,C32.1,http://hl7.org/fhir/sid/icd-10,Malignant neoplasm of supraglottis,114,113
procedure,82808001,http://snomed.info/sct,Sleep apnea monitoring with alarm (regime/therapy),113,113
condition,60234000,http://snomed.info/sct,Aortic valve regurgitation (disorder),113,113
condition,30832001,http://snomed.info/sct,Rupture of patellar tendon (disorder),113,112
medication_request,749785,http://www.nlm.nih.gov/research/umls/rxnorm,{7 (ethinyl estradiol 0.035 MG / norgestimate 0.18 MG Oral Tablet) / 7 (ethinyl estradiol 0.035 MG / norgestimate 0.215 MG Oral Tablet) / 7 (ethinyl estradiol 0.035 MG / norgestimate 0.25 MG Oral Tablet) / 7 (inert ingredients 1 MG Oral Tablet) } Pack [Ortho Tri-Cyclen 28 Day],160,111
condition,K08.109,http://hl7.org/fhir/sid/icd-10,"Complete loss of teeth, unspecified cause, unspecified class",112,110
procedure,D8080,http://www.ada.org/cdt,comprehensive orthodontic treatment of the adolescent dentition,112,110
procedure,392021009,http://snomed.info/sct,Lumpectomy of breast (procedure),109,109
procedure,D5214,http://www.ada.org/cdt,mandibular partial denture  cast metal framework with resin denture bases including retentive/clasping materials rests and teeth,112,109
medication_request,1656356,http://www.nlm.nih.gov/research/umls/rxnorm,sacubitril 97 MG / valsartan 103 MG Oral Tablet [Entresto],916,109
condition,K04.5,http://hl7.org/fhir/sid/icd-10,Chronic apical periodontitis,108,108
procedure,866146005,http://snomed.info/sct,Serum metabolic panel (procedure),110,108
procedure,1571000087109,http://snomed.info/sct,Ultrasonography of bilateral breasts (procedure),108,108
condition,C10.9,http://hl7.org/fhir/sid/icd-10,"Malignant neoplasm of oropharynx, unspecified",107,107
medication_request,866514,http://www.nlm.nih.gov/research/umls/rxnorm,metoprolol tartrate 50 MG Oral Tablet,106,106
procedure,D2999,http://www.ada.org/cdt,unspecified restorative procedure by report,110,105
procedure,D0350,http://www.ada.org/cdt,2D oral/facial photographic image obtained intra-orally or extra-orally,106,104
procedure,D2161,http://www.ada.org/cdt,amalgam  four or more surfaces primary or permanent,107,104
procedure,D0470,http://www.ada.org/cdt,diagnostic casts,109,104
medication_request,979485,http://www.nlm.nih.gov/research/umls/rxnorm,losartan potassium 25 MG Oral Tablet,2449,104
condition,770349000,http://snomed.info/sct,Sepsis caused by virus (disorder),103,103
condition,K05.311,http://hl7.org/fhir/sid/icd-10,"Chronic periodontitis, localized, slight",104,103
procedure,D6750,http://www.ada.org/cdt,retainer crown  porcelain fused to high noble metal,127,102
procedure,180207008,http://snomed.info/sct,Intravenous blood transfusion of packed cells (procedure),102,102
procedure,D2710,http://www.ada.org/cdt,crown  resinbased composite indirect,104,102
diagnostic_report,24360-0,http://loinc.org,Hemoglobin and Hematocrit panel - Blood,102,102
observation,10480-2,http://loinc.org,Estrogen+Progesterone receptor Ag [Presence] in Tissue by Immune stain,101,101
condition,6072007,http://snomed.info/sct,Bleeding from anus (disorder),100,100
condition,4356008,http://snomed.info/sct,Gingival recession,100,100
condition,236077008,http://snomed.info/sct,Protracted diarrhea (finding),100,100
procedure,D9612,http://www.ada.org/cdt,therapeutic parenteral drugs two or more administrations different medications,102,99
procedure,D5213,http://www.ada.org/cdt,maxillary partial denture  cast metal framework with resin denture bases including retentive/clasping materials rests and teeth,105,99
condition,C14.0,http://hl7.org/fhir/sid/icd-10,"Malignant neoplasm of pharynx, unspecified",98,98
condition,K13.79,http://hl7.org/fhir/sid/icd-10,Other lesions of oral mucosa,100,98
condition,D10.3,http://hl7.org/fhir/sid/icd-10,Benign neoplasm of other and unspecified parts of mouth,99,98
procedure,D6011,http://www.ada.org/cdt,surgical access to an implant body (second stage implant surgery),107,98
procedure,1290789000,http://snomed.info/sct,Plain X-ray of mandible (procedure),99,98
procedure,24623002,http://snomed.info/sct,Screening mammography (procedure),98,98
condition,1085981000119109,http://snomed.info/sct,Dental caries on smooth surface limited to enamel,96,96
procedure,D7410,http://www.ada.org/cdt,excision of benign lesion up to 1.25 cm,105,96
procedure,122856003,http://snomed.info/sct,Oral examination (procedure),97,96
procedure,69212005,http://snomed.info/sct,Range of motion testing (procedure),97,96
condition,K04.0,http://hl7.org/fhir/sid/icd-10,Pulpitis,96,96
condition,Z01.21,http://hl7.org/fhir/sid/icd-10,Encounter for dental examination and cleaning with abnormal findings,95,95
procedure,D5899,http://www.ada.org/cdt,unspecified removable prosthodontic procedure by report,103,95
procedure,D4263,http://www.ada.org/cdt,bone replacement graft  retained natural tooth  first site in quadrant,105,94
procedure,1004045004,http://snomed.info/sct,Intravitreal injection of anti-vascular endothelial growth factor (procedure),3421,94
condition,K13.21,http://hl7.org/fhir/sid/icd-10,"Leukoplakia of oral mucosa, including tongue",95,93
condition,370143000,http://snomed.info/sct,Major depressive disorder (disorder),92,92
condition,132281000119108,http://snomed.info/sct,Acute deep venous thrombosis (disorder),92,92
procedure,D5130,http://www.ada.org/cdt,immediate denture  maxillary,95,92
condition,706870000,http://snomed.info/sct,Acute pulmonary embolism (disorder),91,91
procedure,D1354,http://www.ada.org/cdt,application of caries arresting medicament  per tooth,90,90
condition,239720000,http://snomed.info/sct,Tear of meniscus of knee (disorder),90,89
procedure,D7111,http://www.ada.org/cdt,extraction coronal remnants  primary tooth,89,89
procedure,410011004,http://snomed.info/sct,Administration of anesthesia AND/OR sedation (procedure),89,89
procedure,268400002,http://snomed.info/sct,12 lead electrocardiogram (procedure),116,89
procedure,773996000,http://snomed.info/sct,Transcatheter aortic valve implantation (procedure),89,89
procedure,305342007,http://snomed.info/sct,Admission to ward (procedure),89,89
condition,408512008,http://snomed.info/sct,Body mass index 40+ - severely obese (finding),89,89
medication_request,311354,http://www.nlm.nih.gov/research/umls/rxnorm,lisinopril 5 MG Oral Tablet,89,89
condition,444470001,http://snomed.info/sct,Injury of anterior cruciate ligament (disorder),88,88
medication_request,312938,http://www.nlm.nih.gov/research/umls/rxnorm,Sertraline 100 MG Oral Tablet,147,88
procedure,367336001,http://snomed.info/sct,Chemotherapy (procedure),766,88
condition,K04.8,http://hl7.org/fhir/sid/icd-10,Radicular cyst,87,87
procedure,91602002,http://snomed.info/sct,Thoracentesis (procedure),87,87
medication_request,197884,http://www.nlm.nih.gov/research/umls/rxnorm,lisinopril 40 MG Oral Tablet,87,87
procedure,D7910,http://www.ada.org/cdt,suture of recent small wounds up to 5 cm,88,87
condition,C04.9,http://hl7.org/fhir/sid/icd-10,"Malignant neoplasm of floor of mouth, unspecified",87,86
condition,C06.0,http://hl7.org/fhir/sid/icd-10,Malignant neoplasm of cheek mucosa,87,86
medication_request,197380,http://www.nlm.nih.gov/research/umls/rxnorm,atenolol 25 MG Oral Tablet,86,86
condition,108631000119101,http://snomed.info/sct,History of autologous bone marrow transplant (situation),85,85
medication_request,197319,http://www.nlm.nih.gov/research/umls/rxnorm,Allopurinol 100 MG Oral Tablet,112,85
condition,95417003,http://snomed.info/sct,Primary fibromyalgia syndrome (disorder),84,84
procedure,D6056,http://www.ada.org/cdt,prefabricated abutment  includes modification and placement,91,83
condition,93143009,http://snomed.info/sct,"Leukemia, disease (disorder)",82,82
observation,70006-2,http://loinc.org,Medication management note,82,82
medication_request,1648756,http://www.nlm.nih.gov/research/umls/rxnorm,"nitrofurantoin, macrocrystals 25 MG / nitrofurantoin, monohydrate 75 MG [Macrobid]",81,81
procedure,85765000,http://snomed.info/sct,Fiberoptic bronchoscopy (procedure),81,81
procedure,432231006,http://snomed.info/sct,Fine needle aspiration biopsy of lung (procedure),81,81
procedure,D5211,http://www.ada.org/cdt,maxillary partial denture  resin base including retentive/clasping materials rests and teeth,86,81
encounter,47505003,http://snomed.info/sct,Posttraumatic stress disorder (disorder),190,80
condition,79586000,http://snomed.info/sct,Tubal pregnancy (disorder),82,79
condition,M26.60,http://hl7.org/fhir/sid/icd-10,"Temporomandibular joint disorder, unspecified",80,79
medication_request,310385,http://www.nlm.nih.gov/research/umls/rxnorm,FLUoxetine 20 MG Oral Capsule,79,78
procedure,D9420,http://www.ada.org/cdt,hospital or ambulatory surgical center call,82,78
procedure,D1999,http://www.ada.org/cdt,unspecified preventive procedure by report,80,77
procedure,D7960,http://www.ada.org/cdt,D7960,77,77
observation,85352-3,http://loinc.org,"Lymph nodes with isolated tumor cells [#] in Cancer specimen by Light microscopy",76,76
condition,C77.0,http://hl7.org/fhir/sid/icd-10,"Secondary and unspecified malignant neoplasm of lymph nodes of head, face and neck",76,76
condition,C03.0,http://hl7.org/fhir/sid/icd-10,Malignant neoplasm of upper gum,76,76
procedure,D2940,http://www.ada.org/cdt,protective restoration,78,75
condition,94503003,http://snomed.info/sct,Metastatic malignant neoplasm to prostate (disorder),74,74
condition,K04.1,http://hl7.org/fhir/sid/icd-10,Necrosis of pulp,76,74
condition,196273001,http://snomed.info/sct,Supplemental tooth,75,74
procedure,417656005,http://snomed.info/sct,Osteopathic postural examination (procedure),74,74
procedure,308481009,http://snomed.info/sct,Referral to orthopedic surgeon (procedure),74,74
procedure,D6240,http://www.ada.org/cdt,pontic  porcelain fused to high noble metal,92,74
procedure,1290953004,http://snomed.info/sct,Plain X-ray of spine and pelvis (procedure),74,74
procedure,183830008,http://snomed.info/sct,Referral for X-ray (procedure),74,74
procedure,D7320,http://www.ada.org/cdt,alveoloplasty not in conjunction with extractions  four or more teeth or tooth spaces per quadrant,77,74
condition,93761005,http://snomed.info/sct,Primary malignant neoplasm of colon (disorder),74,74
observation,271605009,http://snomed.info/sct,Position of body and posture (observable entity),74,74
procedure,170245002,http://snomed.info/sct,Child examination: school screening (procedure),74,74
condition,267253006,http://snomed.info/sct,Fetus with chromosomal abnormality (disorder),73,73
condition,D10.1,http://hl7.org/fhir/sid/icd-10,Benign neoplasm of tongue,74,73
procedure,D3320,http://www.ada.org/cdt,endodontic therapy premolar tooth excluding final restoration,74,73
procedure,122869004,http://snomed.info/sct,Measurement procedure (procedure),73,73
observation,285285000,http://snomed.info/sct,Cobb angle (observable entity),73,73
observation,870537001,http://snomed.info/sct,Risser sign (finding),73,73
procedure,D0383,http://www.ada.org/cdt,cone beam CT image capture with field of view of both jaws with or without cranium,73,73
medication_request,617296,http://www.nlm.nih.gov/research/umls/rxnorm,amoxicillin 500 MG / clavulanate 125 MG Oral Tablet,74,73
condition,C32.0,http://hl7.org/fhir/sid/icd-10,Malignant neoplasm of glottis,72,72
procedure,D3120,http://www.ada.org/cdt,pulp cap  indirect excluding final restoration,74,72
procedure,167995008,http://snomed.info/sct,Sputum microscopy (procedure),72,72
condition,K13.2,http://hl7.org/fhir/sid/icd-10,"Leukoplakia and other disturbances of oral epithelium, including tongue",71,71
condition,213150003,http://snomed.info/sct,Kidney transplant failure and rejection (disorder),71,71
procedure,413180006,http://snomed.info/sct,Pan retinal photocoagulation for diabetes (procedure),71,71
condition,68235000,http://snomed.info/sct,Nasal congestion (finding),71,71
condition,M27.0,http://hl7.org/fhir/sid/icd-10,Developmental disorders of jaws,70,70
medication_request,608139,http://www.nlm.nih.gov/research/umls/rxnorm,atomoxetine 100 MG Oral Capsule,70,70
procedure,D4261,http://www.ada.org/cdt,osseous surgery (including elevation of a full thickness flap and closure) - one to three contiguous teeth or tooth bounded spaces per quadrant,71,70
procedure,33195004,http://snomed.info/sct,External beam radiation therapy procedure (procedure),2301,70
medication_request,197381,http://www.nlm.nih.gov/research/umls/rxnorm,atenolol 50 MG Oral Tablet,70,70
procedure,D0160,http://www.ada.org/cdt,detailed and extensive oral evaluation  problem focused by report,71,70
medication_request,856980,http://www.nlm.nih.gov/research/umls/rxnorm,acetaminophen 300 MG / hydrocodone bitartrate 10 MG Oral Tablet,70,70
condition,D10.39,http://hl7.org/fhir/sid/icd-10,Benign neoplasm of other parts of mouth,69,69
procedure,D7280,http://www.ada.org/cdt,exposure of an unerupted tooth,69,69
procedure,D5999,http://www.ada.org/cdt,unspecified maxillofacial prosthesis by report,69,69
medication_request,351137,http://www.nlm.nih.gov/research/umls/rxnorm,albuterol 0.21 MG/ML Inhalation Solution,1377,69
procedure,12719002,http://snomed.info/sct,Platelet transfusion (procedure),70,69
condition,4557003,http://snomed.info/sct,Preinfarction syndrome (disorder),68,68
procedure,D4260,http://www.ada.org/cdt,osseous surgery (including elevation of a full thickness flap and closure) - four or more contiguous teeth or tooth bounded spaces per quadrant,71,68
procedure,D4381,http://www.ada.org/cdt,localized delivery of antimicrobial agents via a controlled release vehicle into diseased crevicular tissue per tooth,71,68
procedure,183856001,http://snomed.info/sct,Referral to hypertension clinic (procedure),68,68
medication_request,351266,http://www.nlm.nih.gov/research/umls/rxnorm,buprenorphine 2 MG / naloxone 0.5 MG Sublingual Tablet,2233,68
condition,C05.0,http://hl7.org/fhir/sid/icd-10,Malignant neoplasm of hard palate,67,67
encounter,386395000,http://snomed.info/sct,Preoperative coordination (regime/therapy),67,67
procedure,D0999,http://www.ada.org/cdt,unspecified diagnostic procedure by report,75,67
procedure,473220001,http://snomed.info/sct,Hematologic disorder medication review (procedure),1184,67
condition,K08.20,http://hl7.org/fhir/sid/icd-10,Unspecified atrophy of edentulous alveolar ridge,68,67
condition,698303004,http://snomed.info/sct,Awaiting transplantation of bone marrow (situation),67,67
medication_request,351136,http://www.nlm.nih.gov/research/umls/rxnorm,albuterol 0.417 MG/ML Inhalation Solution,1002,67
condition,C02.1,http://hl7.org/fhir/sid/icd-10,Malignant neoplasm of border of tongue,66,66
condition,27942005,http://snomed.info/sct,Shock (disorder),66,66
procedure,D7411,http://www.ada.org/cdt,excision of benign lesion greater than 1.25 cm,68,66
procedure,D5820,http://www.ada.org/cdt,"interim partial denture (including retentive/clasping materials, rests, and teeth), maxillary",68,66
procedure,D7510,http://www.ada.org/cdt,incision and drainage of abscess  intraoral soft tissue,69,66
medication_request,904475,http://www.nlm.nih.gov/research/umls/rxnorm,pravastatin sodium 40 MG Oral Tablet,66,66
medication_request,1091392,http://www.nlm.nih.gov/research/umls/rxnorm,Methylphenidate Hydrochloride 20 MG Oral Tablet,64,64
procedure,D6245,http://www.ada.org/cdt,pontic  porcelain/ceramic,73,64
procedure,D6740,http://www.ada.org/cdt,retainer crown  porcelain/ceramic,80,64
procedure,304532001,http://snomed.info/sct,Treatment failure risk education (procedure),64,64
procedure,D2390,http://www.ada.org/cdt,"resin-based composite crown, anterior",65,64
procedure,429609002,http://snomed.info/sct,Lung volume reduction surgery (procedure),64,64
procedure,304531008,http://snomed.info/sct,Treatment side effects education (procedure),64,64
procedure,394894008,http://snomed.info/sct,Pre-operative chemotherapy (procedure),64,64
condition,422587007,http://snomed.info/sct,Nausea (finding),63,63
condition,249497008,http://snomed.info/sct,Vomiting symptom (finding),63,63
procedure,D6100,http://www.ada.org/cdt,surgical removal of implant body,69,63
procedure,D3221,http://www.ada.org/cdt,pulpal debridement primary and permanent teeth,64,63
condition,Z40.8,http://hl7.org/fhir/sid/icd-10,Encounter for other prophylactic surgery,64,63
condition,D16.4,http://hl7.org/fhir/sid/icd-10,Benign neoplasm of bones of skull and face,63,62
procedure,243150007,http://snomed.info/sct,Assist control ventilation (regime/therapy),483,62
procedure,D2751,http://www.ada.org/cdt,crown  porcelain fused to predominantly base metal,63,62
procedure,D8090,http://www.ada.org/cdt,comprehensive orthodontic treatment of the adult dentition,65,62
procedure,D9997,http://www.ada.org/cdt,dental case management - patients with special health care needs,64,62
allergy,25037,http://www.nlm.nih.gov/research/umls/rxnorm,cefdinir,62,62
medication_request,1100184,http://www.nlm.nih.gov/research/umls/rxnorm,Donepezil hydrochloride 23 MG Oral Tablet,62,62
observation,3024-7,http://loinc.org,Thyroxine (T4) free [Mass/volume] in Serum or Plasma,62,62
condition,128188000,http://snomed.info/sct,Cerebral palsy (disorder),61,61
procedure,241055006,http://snomed.info/sct,Mammogram - symptomatic (procedure),61,61
encounter,108219001,http://snomed.info/sct,Physician visit with evaluation AND/OR management service (procedure),61,61
medication_request,616830,http://www.nlm.nih.gov/research/umls/rxnorm,budesonide 0.125 MG/ML Inhalation Suspension [Pulmicort],907,61
procedure,D5924,http://www.ada.org/cdt,cranial prosthesis,63,61
procedure,D6104,http://www.ada.org/cdt,bone graft at time of implant placement,68,60
procedure,D9120,http://www.ada.org/cdt,fixed partial denture sectioning,60,60
condition,97331000119101,http://snomed.info/sct,Macular edema and retinopathy due to type 2 diabetes mellitus (disorder),59,59
condition,C05.1,http://hl7.org/fhir/sid/icd-10,Malignant neoplasm of soft palate,60,59
procedure,D0460,http://www.ada.org/cdt,pulp vitality tests,60,59
procedure,D4265,http://www.ada.org/cdt,biologic materials to aid in soft and osseous tissue regeneration per site,64,59
procedure,112798008,http://snomed.info/sct,Insertion of endotracheal tube (procedure),59,59
procedure,D2954,http://www.ada.org/cdt,prefabricated post and core in addition to crown,59,58
medication_request,997223,http://www.nlm.nih.gov/research/umls/rxnorm,Donepezil hydrochloride 10 MG Oral Tablet,58,58
procedure,D5650,http://www.ada.org/cdt,add tooth to existing partial denture,62,57
procedure,D2932,http://www.ada.org/cdt,prefabricated resin crown,57,57
medication_request,859747,http://www.nlm.nih.gov/research/umls/rxnorm,rosuvastatin calcium 10 MG Oral Tablet,57,57
condition,69896004,http://snomed.info/sct,Rheumatoid arthritis (disorder),56,56
procedure,D9241,http://www.ada.org/cdt,D9241,56,56
procedure,397539000,http://snomed.info/sct,Grid retinal photocoagulation (procedure),239,56
procedure,40617009,http://snomed.info/sct,Artificial ventilation (regime/therapy),60,56
procedure,243174005,http://snomed.info/sct,Weaning from mechanically assisted ventilation (regime/therapy),60,56
procedure,9564003,http://snomed.info/sct,"Complete blood count with white cell differential, automated (procedure)",844,56
procedure,D7473,http://www.ada.org/cdt,removal of torus mandibularis,57,55
procedure,D9248,http://www.ada.org/cdt,non-intravenous conscious sedation,55,55
condition,M27.49,http://hl7.org/fhir/sid/icd-10,Other cysts of jaw,55,55
medication_request,1359133,http://www.nlm.nih.gov/research/umls/rxnorm,{5 (ethinyl estradiol 0.02 MG / norethindrone acetate 1 MG Oral Tablet) / 7 (ethinyl estradiol 0.03 MG / norethindrone acetate 1 MG Oral Tablet) / 9 (ethinyl estradiol 0.035 MG / norethindrone acetate 1 MG Oral Tablet) / 7 (ferrous fumarate 75 MG Oral Tablet) } Pack [Estrostep Fe 28 Day],68,55
condition,D00.0,http://hl7.org/fhir/sid/icd-10,"Carcinoma in situ of lip, oral cavity and pharynx",54,54
procedure,D2931,http://www.ada.org/cdt,prefabricated stainless steel crown  permanent tooth,55,54
condition,263172003,http://snomed.info/sct,Fracture of mandible (disorder),53,53
condition,53963006,http://snomed.info/sct,Excessive attrition of teeth,53,53
medication_request,562508,http://www.nlm.nih.gov/research/umls/rxnorm,amoxicillin 875 MG / clavulanate 125 MG Oral Tablet,54,53
procedure,D0340,http://www.ada.org/cdt,2D cephalometric radiographic image  acquisition measurement and analysis,53,53
procedure,24832002,http://snomed.info/sct,Closed reduction of mandibular fracture (procedure),53,53
procedure,3457005,http://snomed.info/sct,Patient referral (procedure),53,53
observation,24467-3,http://loinc.org,"CD3+CD4+ (T4 helper) cells [#/volume] in Blood",825,53
procedure,313660005,http://snomed.info/sct,Absolute CD4 count procedure (procedure),825,53
condition,1501000119109,http://snomed.info/sct,Proliferative diabetic retinopathy due to type II diabetes mellitus,52,52
condition,109747007,http://snomed.info/sct,Cracked tooth,52,52
condition,Z13.89,http://hl7.org/fhir/sid/icd-10,Encounter for screening for other disorder,53,52
procedure,D5212,http://www.ada.org/cdt,mandibular partial denture  resin base including retentive/clasping materials rests and teeth,56,52
medication_request,311372,http://www.nlm.nih.gov/research/umls/rxnorm,Loratadine 10 MG Oral Tablet,52,52
condition,D37.0,http://hl7.org/fhir/sid/icd-10,"Neoplasm of uncertain behavior of lip, oral cavity and pharynx",51,51
procedure,D0364,http://www.ada.org/cdt,cone beam CT capture and interpretation with limited field of view  less than one whole jaw,51,51
procedure,D7950,http://www.ada.org/cdt,osseous osteoperiosteal or cartilage graft of the mandible or maxilla  autogenous or nonautogenous by report,52,51
procedure,88039007,http://snomed.info/sct,Transplant of lung (procedure),51,51
procedure,225415001,http://snomed.info/sct,Close observation (regime/therapy),51,51
procedure,241615005,http://snomed.info/sct,Magnetic resonance imaging of breast (procedure),51,51
procedure,D4211,http://www.ada.org/cdt,gingivectomy or gingivoplasty  one to three contiguous teeth or tooth bounded spaces per quadrant,50,50
condition,81629009,http://snomed.info/sct,Traumatic dislocation of temporomandibular joint,51,50
condition,1086891000119105,http://snomed.info/sct,Fractured dental restorative material with loss of material,49,49
condition,235919008,http://snomed.info/sct,Gallbladder calculus (disorder),49,49
condition,K02.52,http://hl7.org/fhir/sid/icd-10,Dental caries on pit and fissure surface penetrating into dentin,49,49
condition,65275009,http://snomed.info/sct,Acute cholecystitis (disorder),49,49
procedure,22523008,http://snomed.info/sct,Vasectomy (procedure),49,49
procedure,D7951,http://www.ada.org/cdt,sinus augmentation with bone or bone substitutes via a lateral open approach,50,49
procedure,426701000119108,http://snomed.info/sct,"Ultrasonography of abdomen, right upper quadrant and epigastrium (procedure)",49,49
condition,Z13.9,http://hl7.org/fhir/sid/icd-10,"Encounter for screening, unspecified",50,49
observation,33037-3,http://loinc.org,Anion gap in Serum or Plasma by calculation,49,49
observation,26515-7,http://loinc.org,"Platelets [#/volume] in Blood",49,49
medication_request,313002,http://www.nlm.nih.gov/research/umls/rxnorm,Sodium Chloride 9 MG/ML Injectable Solution,49,49
observation,30428-7,http://loinc.org,MCV [Entitic mean volume] in Red Blood Cells,49,49
observation,80271-0,http://loinc.org,Physical findings of Abdomen by Palpation,49,49
observation,30385-9,http://loinc.org,Erythrocyte [DistWidth] in Blood,49,49
observation,26453-1,http://loinc.org,"Erythrocytes [#/volume] in Blood",49,49
procedure,D7290,http://www.ada.org/cdt,surgical repositioning of teeth,52,49
diagnostic_report,69742-5,http://loinc.org,"CBC W Differential panel, method unspecified - Blood",49,49
observation,42719-5,http://loinc.org,Bilirubin.total [Mass/volume] in Blood,49,49
observation,26464-8,http://loinc.org,"Leukocytes [#/volume] in Blood",49,49
procedure,D7321,http://www.ada.org/cdt,alveoloplasty not in conjunction with extractions  one to three teeth or tooth spaces per quadrant,50,48
condition,47693006,http://snomed.info/sct,Rupture of appendix (disorder),48,48
procedure,234262008,http://snomed.info/sct,Excision of axillary lymph node (procedure),48,48
condition,K08.499,http://hl7.org/fhir/sid/icd-10,"Partial loss of teeth due to other specified cause, unspecified class",47,47
condition,K05.323,http://hl7.org/fhir/sid/icd-10,"Chronic periodontitis, generalized, severe",47,47
condition,K13.29,http://hl7.org/fhir/sid/icd-10,"Other disturbances of oral epithelium, including tongue",47,47
procedure,37542007,http://snomed.info/sct,"Posttreatment stabilization, orthodontic device (procedure)",47,47
procedure,392023007,http://snomed.info/sct,Excision of lesion of breast (procedure),47,47
procedure,D5410,http://www.ada.org/cdt,adjust complete denture  maxillary,48,47
procedure,290045001,http://snomed.info/sct,Kitchen practice (regime/therapy),878,47
procedure,229095001,http://snomed.info/sct,Exercise class (regime/therapy),878,47
procedure,446573003,http://snomed.info/sct,Continuous positive airway pressure titration (procedure),47,47
procedure,45595009,http://snomed.info/sct,Laparoscopic cholecystectomy (procedure),47,47
condition,120541000119103,http://snomed.info/sct,Mottled teeth,47,46
condition,94260004,http://snomed.info/sct,Metastatic malignant neoplasm to colon (disorder),46,46
condition,C11.9,http://hl7.org/fhir/sid/icd-10,"Malignant neoplasm of nasopharynx, unspecified",46,46
condition,221360009,http://snomed.info/sct,Spasticity (finding),46,46
condition,M26.62,http://hl7.org/fhir/sid/icd-10,Arthralgia of temporomandibular joint,46,46
condition,47944004,http://snomed.info/sct,Malocclusion of teeth,46,46
observation,85344-0,http://loinc.org,"Lymph nodes with micrometastases [#] in Cancer specimen by Light microscopy",46,46
medication_request,483438,http://www.nlm.nih.gov/research/umls/rxnorm,pregabalin 100 MG Oral Capsule,65,46
condition,267060006,http://snomed.info/sct,Diarrhea symptom (finding),45,45
condition,45816000,http://snomed.info/sct,Pyelonephritis (disorder),45,45
condition,K05.31,http://hl7.org/fhir/sid/icd-10,"Chronic periodontitis, localized",45,45
condition,153351000119102,http://snomed.info/sct,History of peripheral stem cell transplant (situation),45,45
procedure,D2920,http://www.ada.org/cdt,re-cement or re-bond crown,45,45
medication_request,141918,http://www.nlm.nih.gov/research/umls/rxnorm,Terfenadine 60 MG Oral Tablet,45,45
procedure,D0171,http://www.ada.org/cdt,re-evaluation - post-operative office visit,45,45
procedure,D0416,http://www.ada.org/cdt,viral culture,45,45
procedure,179632003,http://snomed.info/sct,Closed reduction of dislocation of temporomandibular joint (procedure),46,45
procedure,D9242,http://www.ada.org/cdt,D9242,45,45
procedure,D6199,http://www.ada.org/cdt,unspecified implant procedure by report,47,45
condition,C04.0,http://hl7.org/fhir/sid/icd-10,Malignant neoplasm of anterior floor of mouth,46,45
condition,C31.0,http://hl7.org/fhir/sid/icd-10,Malignant neoplasm of maxillary sinus,45,44
condition,K05.321,http://hl7.org/fhir/sid/icd-10,"Chronic periodontitis, generalized, slight",45,44
procedure,183418007,http://snomed.info/sct,Social case work (regime/therapy),45,44
condition,M27.40,http://hl7.org/fhir/sid/icd-10,Unspecified cyst of jaw,44,44
medication_request,311353,http://www.nlm.nih.gov/research/umls/rxnorm,lisinopril 2.5 MG Oral Tablet,44,44
condition,40275004,http://snomed.info/sct,Contact dermatitis (disorder),44,44
procedure,737617004,http://snomed.info/sct,Referral to prosthetic service (procedure),43,43
procedure,105376000,http://snomed.info/sct,Transesophageal echocardiography (procedure),43,43
procedure,26212005,http://snomed.info/sct,Replacement of aortic valve (procedure),43,43
condition,C06.2,http://hl7.org/fhir/sid/icd-10,Malignant neoplasm of retromolar area,43,43
medication_request,200032,http://www.nlm.nih.gov/research/umls/rxnorm,carvedilol 12.5 MG Oral Tablet,43,43
procedure,D5984,http://www.ada.org/cdt,radiation shield,43,43
procedure,D5411,http://www.ada.org/cdt,adjust complete denture  mandibular,44,42
medication_request,833135,http://www.nlm.nih.gov/research/umls/rxnorm,Milnacipran hydrochloride 100 MG Oral Tablet,56,42
procedure,D0273,http://www.ada.org/cdt,bitewings  three radiographic images,42,42
procedure,D2752,http://www.ada.org/cdt,crown  porcelain fused to noble metal,42,42
procedure,D6058,http://www.ada.org/cdt,abutment supported porcelain/ceramic crown,43,42
medication_request,596926,http://www.nlm.nih.gov/research/umls/rxnorm,duloxetine 20 MG Delayed Release Oral Capsule,57,41
procedure,D3430,http://www.ada.org/cdt,retrograde filling  per root,45,41
procedure,371361000119107,http://snomed.info/sct,Comprehensive metabolic panel (procedure),41,41
medication_request,197541,http://www.nlm.nih.gov/research/umls/rxnorm,Colchicine 0.6 MG Oral Tablet,42,41
condition,312157006,http://snomed.info/sct,Infectious mediastinitis (disorder),41,41
condition,D10.0,http://hl7.org/fhir/sid/icd-10,Benign neoplasm of lip,41,41
procedure,236931002,http://snomed.info/sct,Methotrexate injection into tubal pregnancy (procedure),42,41
procedure,58776007,http://snomed.info/sct,Autologous bone marrow transplant (procedure),41,41
condition,K03.9,http://hl7.org/fhir/sid/icd-10,"Disease of hard tissues of teeth, unspecified",40,40
condition,254632001,http://snomed.info/sct,Small cell carcinoma of lung (disorder),40,40
condition,67811000119102,http://snomed.info/sct,"Primary small cell malignant neoplasm of lung, TNM stage 1 (disorder)",40,40
condition,86406008,http://snomed.info/sct,Human immunodeficiency virus infection (disorder),40,40
condition,K00.0,http://hl7.org/fhir/sid/icd-10,Anodontia,40,40
procedure,D6190,http://www.ada.org/cdt,radiographic/surgical implant index by report,40,40
condition,235595009,http://snomed.info/sct,Gastroesophageal reflux disease (disorder),40,40
condition,M26.63,http://hl7.org/fhir/sid/icd-10,Articular disc disorder of temporomandibular joint,39,39
condition,C90.00,http://hl7.org/fhir/sid/icd-10,Multiple myeloma not having achieved remission,39,39
procedure,171121004,http://snomed.info/sct,Human immunodeficiency virus screening (procedure),39,39
procedure,313077009,http://snomed.info/sct,Human immunodeficiency virus counseling (procedure),39,39
medication_request,200031,http://www.nlm.nih.gov/research/umls/rxnorm,carvedilol 6.25 MG Oral Tablet,39,39
observation,7917-8,http://loinc.org,HIV 1 Ab [Presence] in Serum,39,39
diagnostic_report,75622-1,http://loinc.org,HIV 1 and 2 tests - Meaningful Use set,39,39
condition,110359009,http://snomed.info/sct,Intellectual disability (disorder),39,39
condition,M26.69,http://hl7.org/fhir/sid/icd-10,Other specified disorders of temporomandibular joint,38,38
condition,C13.9,http://hl7.org/fhir/sid/icd-10,"Malignant neoplasm of hypopharynx, unspecified",39,38
condition,C09.0,http://hl7.org/fhir/sid/icd-10,Malignant neoplasm of tonsillar fossa,38,38
condition,718061004,http://snomed.info/sct,Generalised severe chronic periodontitis,38,38
procedure,445912000,http://snomed.info/sct,Excision of fallopian tube and surgical removal of ectopic pregnancy (procedure),40,38
procedure,D3410,http://www.ada.org/cdt,apicoectomy  anterior,45,38
condition,K08.50,http://hl7.org/fhir/sid/icd-10,"Unsatisfactory restoration of tooth, unspecified",39,38
procedure,D4921,http://www.ada.org/cdt,gingival irrigation with a medicinal agent  per quadrant,39,38
condition,C61,http://hl7.org/fhir/sid/icd-10,Malignant neoplasm of prostate,37,37
procedure,D5422,http://www.ada.org/cdt,adjust partial denture  mandibular,38,37
observation,85343-2,http://loinc.org,"Lymph nodes with macrometastases [#] in Cancer specimen by Light microscopy",37,37
observation,20447-9,http://loinc.org,"HIV 1 RNA [#/volume] (viral load) in Serum or Plasma by NAA with probe detection",747,37
procedure,315124004,http://snomed.info/sct,Human immunodeficiency virus viral load (procedure),747,37
procedure,D9211,http://www.ada.org/cdt,regional block anesthesia,37,37
medication_request,105078,http://www.nlm.nih.gov/research/umls/rxnorm,Penicillin G 375 MG/ML Injectable Solution,51,37
condition,109989006,http://snomed.info/sct,Multiple myeloma (disorder),36,36
condition,C44.42,http://hl7.org/fhir/sid/icd-10,Squamous cell carcinoma of skin of scalp and neck,36,36
procedure,104308009,http://snomed.info/sct,Serologic test for Toxoplasma gondii (procedure),36,36
procedure,412809002,http://snomed.info/sct,Viral hepatitis screening test (procedure),36,36
procedure,D5140,http://www.ada.org/cdt,immediate denture  mandibular,38,36
procedure,733863009,http://snomed.info/sct,Assessment of readiness for self-management (procedure),36,36
procedure,171128005,http://snomed.info/sct,Venereal disease screening (procedure),36,36
procedure,711018006,http://snomed.info/sct,Assessment of social support (procedure),36,36
procedure,709506004,http://snomed.info/sct,Assessment of readiness for disclosure of health status (procedure),36,36
procedure,225297008,http://snomed.info/sct,Care planning and problem solving actions (procedure),36,36
procedure,171126009,http://snomed.info/sct,Tuberculosis screening (procedure),36,36
procedure,413107006,http://snomed.info/sct,Hepatitis C screening (procedure),36,36
condition,47505003,http://snomed.info/sct,Posttraumatic stress disorder (disorder),36,36
procedure,410314003,http://snomed.info/sct,"Health promotion education, guidance, and counseling (procedure)",36,36
procedure,171122006,http://snomed.info/sct,Hepatitis B screening (procedure),36,36
procedure,313398001,http://snomed.info/sct,Hepatitis antibody test (procedure),36,36
procedure,225337009,http://snomed.info/sct,Suicide risk assessment (procedure),70,35
procedure,385892002,http://snomed.info/sct,Mental health screening (procedure),35,35
condition,M26.609,http://hl7.org/fhir/sid/icd-10,"Unspecified temporomandibular joint disorder, unspecified side",35,35
procedure,D3110,http://www.ada.org/cdt,pulp cap  direct excluding final restoration,36,35
observation,75443-2,http://loinc.org,Mental health Outpatient Note,784,34
condition,Z01.818,http://hl7.org/fhir/sid/icd-10,Encounter for other preprocedural examination,33,33
condition,56786000,http://snomed.info/sct,Pulmonic valve stenosis (disorder),33,33
condition,D10.30,http://hl7.org/fhir/sid/icd-10,Benign neoplasm of unspecified part of mouth,33,33
condition,262521009,http://snomed.info/sct,Traumatic injury of spinal cord and/or vertebral column (disorder),33,33
medication_request,808917,http://www.nlm.nih.gov/research/umls/rxnorm,fosfomycin 3000 MG Granules for Oral Solution,33,33
procedure,396487001,http://snomed.info/sct,Sentinel lymph node biopsy (procedure),33,33
procedure,443497002,http://snomed.info/sct,Excision of sentinel lymph node (procedure),33,33
condition,718062006,http://snomed.info/sct,Generalised moderate chronic periodontitis,33,33
allergy,5640,http://www.nlm.nih.gov/research/umls/rxnorm,Ibuprofen,33,33
condition,40095003,http://snomed.info/sct,Injury of kidney (disorder),32,32
condition,K02.3,http://hl7.org/fhir/sid/icd-10,Arrested dental caries,32,32
encounter,449214001,http://snomed.info/sct,Transfer to stepdown unit (procedure),32,32
procedure,302497006,http://snomed.info/sct,Hemodialysis (procedure),262,32
procedure,D2790,http://www.ada.org/cdt,crown  full cast high noble metal,32,32
procedure,D0191,http://www.ada.org/cdt,assessment of a patient,32,32
procedure,D7520,http://www.ada.org/cdt,incision and drainage of abscess  extraoral soft tissue,32,32
condition,K08.419,http://hl7.org/fhir/sid/icd-10,"Partial loss of teeth due to trauma, unspecified class",32,32
procedure,414088005,http://snomed.info/sct,Emergency coronary artery bypass graft (procedure),32,32
condition,M27.9,http://hl7.org/fhir/sid/icd-10,"Disease of jaws, unspecified",32,32
condition,K08.26,http://hl7.org/fhir/sid/icd-10,Severe atrophy of the maxilla,31,31
medication_request,859751,http://www.nlm.nih.gov/research/umls/rxnorm,rosuvastatin calcium 20 MG Oral Tablet,31,31
medication_request,105585,http://www.nlm.nih.gov/research/umls/rxnorm,Methotrexate 2.5 MG Oral Tablet,31,31
medication_request,997501,http://www.nlm.nih.gov/research/umls/rxnorm,Fexofenadine hydrochloride 60 MG Oral Tablet,31,31
medication_request,866511,http://www.nlm.nih.gov/research/umls/rxnorm,metoprolol tartrate 100 MG Oral Tablet,30,30
procedure,384682003,http://snomed.info/sct,Multidisciplinary care conference (procedure),30,30
condition,698754002,http://snomed.info/sct,Chronic paralysis due to lesion of spinal cord (disorder),30,30
condition,K08.23,http://hl7.org/fhir/sid/icd-10,Severe atrophy of the mandible,30,30
condition,37849005,http://snomed.info/sct,Congenital uterine anomaly (disorder),29,29
condition,195967001,http://snomed.info/sct,Asthma (disorder),29,29
condition,K05.20,http://hl7.org/fhir/sid/icd-10,"Aggressive periodontitis, unspecified",29,29
condition,C41.0,http://hl7.org/fhir/sid/icd-10,Malignant neoplasm of bones of skull and face,29,29
medication_request,979471,http://www.nlm.nih.gov/research/umls/rxnorm,hydrochlorothiazide 25 MG / losartan potassium 100 MG Oral Tablet,29,29
procedure,D7922,http://www.ada.org/cdt,"placement of intra-socket biological dressing to aid in hemostasis or clot stabilization, per site",29,29
procedure,D7530,http://www.ada.org/cdt,removal of foreign body from mucosa skin or subcutaneous alveolar tissue,30,29
observation,84215-3,http://loinc.org,Mental health Telehealth Note,759,29
procedure,D7283,http://www.ada.org/cdt,placement of device to facilitate eruption of impacted tooth,30,29
procedure,D7921,http://www.ada.org/cdt,collection and application of autologous blood concentrate product,29,29
procedure,305433001,http://snomed.info/sct,Admission to trauma surgery department (procedure),29,29
condition,109735001,http://snomed.info/sct,Dental restoration failure of marginal integrity,28,28
condition,59898000,http://snomed.info/sct,Localised gingival recession,28,28
condition,403192003,http://snomed.info/sct,Full thickness burn (disorder),28,28
medication_request,284215,http://www.nlm.nih.gov/research/umls/rxnorm,clindamycin 300 MG Oral Capsule,30,28
procedure,D8680,http://www.ada.org/cdt,"orthodontic retention (removal of appliances, construction and placement of retainer(s))",28,28
procedure,D2933,http://www.ada.org/cdt,prefabricated stainless steel crown with resin window,28,28
procedure,387685009,http://snomed.info/sct,Surgical manipulation of shoulder joint (procedure),28,28
procedure,D6065,http://www.ada.org/cdt,implant supported porcelain/ceramic crown,29,28
medication_request,859424,http://www.nlm.nih.gov/research/umls/rxnorm,rosuvastatin calcium 5 MG Oral Tablet,28,28
procedure,305340004,http://snomed.info/sct,Admission to long stay hospital (procedure),28,28
immunization,187,http://hl7.org/fhir/sid/cvx,zoster vaccine recombinant,28,28
medication_request,197379,http://www.nlm.nih.gov/research/umls/rxnorm,atenolol 100 MG Oral Tablet,28,28
procedure,183450002,http://snomed.info/sct,Admission to burn unit (procedure),28,28
condition,Z00.01,http://hl7.org/fhir/sid/icd-10,Encounter for general adult medical examination with abnormal findings,27,27
condition,C12,http://hl7.org/fhir/sid/icd-10,Malignant neoplasm of pyriform sinus,27,27
condition,234466008,http://snomed.info/sct,Acquired coagulation disorder (disorder),27,27
procedure,D4249,http://www.ada.org/cdt,clinical crown lengthening  hard tissue,27,27
procedure,D7471,http://www.ada.org/cdt,removal of lateral exostosis (maxilla or mandible),27,27
procedure,399217008,http://snomed.info/sct,Cardioassist by aortic balloon pump (procedure),27,27
condition,K08.25,http://hl7.org/fhir/sid/icd-10,Moderate atrophy of the maxilla,27,27
medication_request,197886,http://www.nlm.nih.gov/research/umls/rxnorm,hydrochlorothiazide 12.5 MG / lisinopril 20 MG Oral Tablet,27,27
condition,K13.6,http://hl7.org/fhir/sid/icd-10,Irritative hyperplasia of oral mucosa,26,26
condition,D37.09,http://hl7.org/fhir/sid/icd-10,Neoplasm of uncertain behavior of other specified sites of the oral cavity,26,26
procedure,D0415,http://www.ada.org/cdt,collection of microorganisms for culture and sensitivity,26,26
procedure,D5640,http://www.ada.org/cdt,replace broken teeth  per tooth,26,26
procedure,D5750,http://www.ada.org/cdt,reline complete maxillary denture (indirect),29,26
medication_request,241834,http://www.nlm.nih.gov/research/umls/rxnorm,"cycloSPORINE, modified 100 MG Oral Capsule",40,26
procedure,18286008,http://snomed.info/sct,Catheter ablation of tissue of heart (procedure),26,26
procedure,D4267,http://www.ada.org/cdt,guided tissue regeneration natural teeth  nonresorbable barrier per site,26,26
procedure,D9450,http://www.ada.org/cdt,case presentation subsequent to detailed and extensive treatment planning,26,26
procedure,D6999,http://www.ada.org/cdt,unspecified fixed prosthodontic procedure by report,33,26
procedure,D4273,http://www.ada.org/cdt,"autogenous connective tissue graft procedure (including donor and recipient surgical sites) first tooth, implant, or edentulous tooth position in graft",26,26
condition,161679004,http://snomed.info/sct,History of artificial joint (situation),25,25
procedure,D0366,http://www.ada.org/cdt,cone beam CT capture and interpretation with field of view of one full dental arch  maxilla with or without cranium,25,25
procedure,D0365,http://www.ada.org/cdt,cone beam CT capture and interpretation with field of view of one full dental arch  mandible,25,25
procedure,385798007,http://snomed.info/sct,Radiation therapy care (regime/therapy),850,25
procedure,D7282,http://www.ada.org/cdt,mobilization of erupted or malpositioned tooth to aid eruption,25,25
procedure,D2799,http://www.ada.org/cdt,interim crown  further treatment or completion of diagnosis necessary prior to final impression,25,25
medication_request,197905,http://www.nlm.nih.gov/research/umls/rxnorm,lovastatin 40 MG Oral Tablet,25,25
medication_request,686924,http://www.nlm.nih.gov/research/umls/rxnorm,carvedilol 3.125 MG Oral Tablet,25,25
condition,M26.633,http://hl7.org/fhir/sid/icd-10,Articular disc disorder of bilateral temporomandibular joint,24,24
condition,K09.9,http://hl7.org/fhir/sid/icd-10,"Cyst of oral region, unspecified",24,24
condition,K11.7,http://hl7.org/fhir/sid/icd-10,Disturbances of salivary secretion,24,24
condition,398152000,http://snomed.info/sct,Poor muscle tone (finding),24,24
condition,C06.1,http://hl7.org/fhir/sid/icd-10,Malignant neoplasm of vestibule of mouth,24,24
condition,84114007,http://snomed.info/sct,Heart failure (disorder),24,24
procedure,D6242,http://www.ada.org/cdt,pontic  porcelain fused to noble metal,27,24
procedure,D6059,http://www.ada.org/cdt,abutment supported porcelain fused to metal crown (high noble metal),25,24
condition,C79.89,http://hl7.org/fhir/sid/icd-10,Secondary malignant neoplasm of other specified sites,24,24
condition,86175003,http://snomed.info/sct,Injury of heart (disorder),24,24
condition,Z13.6,http://hl7.org/fhir/sid/icd-10,Encounter for screening for cardiovascular disorders,23,23
procedure,234336002,http://snomed.info/sct,Hemopoietic stem cell transplant (procedure),23,23
medication_request,197904,http://www.nlm.nih.gov/research/umls/rxnorm,lovastatin 20 MG Oral Tablet,23,23
procedure,D6752,http://www.ada.org/cdt,retainer crown - porcelain fused to noble metal,25,23
procedure,D4920,http://www.ada.org/cdt,unscheduled dressing change (by someone other than treating dentist or their staff),23,23
procedure,D7412,http://www.ada.org/cdt,excision of benign lesion complicated,24,23
medication_request,1363309,http://www.nlm.nih.gov/research/umls/rxnorm,Chlorpheniramine Maleate 4 MG Oral Tablet,23,23
condition,C80.1,http://hl7.org/fhir/sid/icd-10,"Malignant (primary) neoplasm, unspecified",23,23
condition,K01.0,http://hl7.org/fhir/sid/icd-10,Embedded teeth,22,22
condition,M26.623,http://hl7.org/fhir/sid/icd-10,Arthralgia of bilateral temporomandibular joint,22,22
condition,C03.9,http://hl7.org/fhir/sid/icd-10,"Malignant neoplasm of gum, unspecified",22,22
medication_request,141962,http://www.nlm.nih.gov/research/umls/rxnorm,Azithromycin 250 MG Oral Capsule,25,22
medication_request,904467,http://www.nlm.nih.gov/research/umls/rxnorm,pravastatin sodium 20 MG Oral Tablet,22,22
procedure,D6066,http://www.ada.org/cdt,implant supported crown  porcelain fused to high noble alloys,24,22
procedure,D7511,http://www.ada.org/cdt,incision and drainage of abscess  intraoral soft tissue  complicated includes drainage of multiple fascial spaces,22,22
medication_request,349199,http://www.nlm.nih.gov/research/umls/rxnorm,valsartan 80 MG Oral Tablet,22,22
medication_request,349201,http://www.nlm.nih.gov/research/umls/rxnorm,valsartan 160 MG Oral Tablet,22,22
procedure,D7970,http://www.ada.org/cdt,excision of hyperplastic tissue - per arch,22,22
medication_request,197887,http://www.nlm.nih.gov/research/umls/rxnorm,hydrochlorothiazide 25 MG / lisinopril 20 MG Oral Tablet,22,22
medication_request,1014678,http://www.nlm.nih.gov/research/umls/rxnorm,cetirizine hydrochloride 10 MG Oral Tablet,22,22
condition,22253000,http://snomed.info/sct,Pain (finding),21,21
condition,M27.62,http://hl7.org/fhir/sid/icd-10,Post-osseointegration biological failure of dental implant,21,21
condition,K13.0,http://hl7.org/fhir/sid/icd-10,Diseases of lips,21,21
condition,53827007,http://snomed.info/sct,Excessive salivation (disorder),21,21
procedure,D7521,http://www.ada.org/cdt,incision and drainage of abscess  extraoral soft tissue  complicated includes drainage of multiple fascial spaces,21,21
procedure,D2929,http://www.ada.org/cdt,prefabricated porcelain/ceramic crown  primary tooth,22,21
procedure,D7295,http://www.ada.org/cdt,harvest of bone for use in autogenous grafting procedure,22,21
procedure,D7912,http://www.ada.org/cdt,complicated suture  greater than 5 cm,21,21
medication_request,859419,http://www.nlm.nih.gov/research/umls/rxnorm,rosuvastatin calcium 40 MG Oral Tablet,21,21
procedure,D7451,http://www.ada.org/cdt,removal of benign odontogenic cyst or tumor  lesion diameter greater than 1.25 cm,22,21
condition,K11.20,http://hl7.org/fhir/sid/icd-10,"Sialoadenitis, unspecified",21,21
observation,18752-6,http://loinc.org,Exercise stress test study,21,21
medication_request,197885,http://www.nlm.nih.gov/research/umls/rxnorm,hydrochlorothiazide 12.5 MG / lisinopril 10 MG Oral Tablet,21,21
condition,K08.22,http://hl7.org/fhir/sid/icd-10,Moderate atrophy of the mandible,21,21
condition,K05.4,http://hl7.org/fhir/sid/icd-10,Periodontosis,20,20
condition,111287006,http://snomed.info/sct,Tricuspid valve regurgitation (disorder),20,20
condition,K02.51,http://hl7.org/fhir/sid/icd-10,Dental caries on pit and fissure surface limited to enamel,20,20
condition,C02.8,http://hl7.org/fhir/sid/icd-10,Malignant neoplasm of overlapping sites of tongue,20,20
procedure,D4277,http://www.ada.org/cdt,"free soft tissue graft procedure (including recipient and donor surgical sites) first tooth, implant or edentulous tooth position in graft",20,20
procedure,D1204,http://www.ada.org/cdt,D1204,20,20
procedure,182777000,http://snomed.info/sct,Monitoring of patient (regime/therapy),298,20
condition,K08.439,http://hl7.org/fhir/sid/icd-10,"Partial loss of teeth due to caries, unspecified class",20,20
condition,Z13.84,http://hl7.org/fhir/sid/icd-10,Encounter for screening for dental disorders,20,20
procedure,D7952,http://www.ada.org/cdt,sinus augmentation via a vertical approach,21,20
condition,K09.1,http://hl7.org/fhir/sid/icd-10,Developmental (nonodontogenic) cysts of oral region,19,19
procedure,446987006,http://snomed.info/sct,Determination of susceptibility of Human immunodeficiency virus 1 to panel of antiretroviral drugs using genotypic technique (procedure),19,19
procedure,D9952,http://www.ada.org/cdt,occlusal adjustment  complete,19,19
procedure,D7294,http://www.ada.org/cdt,placement of temporary anchorage device without flap,19,19
procedure,D4346,http://www.ada.org/cdt,"scaling in presence of generalized moderate or severe gingival inflammation - full mouth, after oral evaluation",19,19
procedure,D5421,http://www.ada.org/cdt,adjust partial denture  maxillary,20,19
procedure,D4241,http://www.ada.org/cdt,"gingival flap procedure, including root planing - one to three contiguous teeth or tooth bounded spaces per quadrant",19,19
condition,C05.9,http://hl7.org/fhir/sid/icd-10,"Malignant neoplasm of palate, unspecified",19,19
observation,99999-0,http://loinc.org,DSM-5 Clinical Diagnostic Criteria for Opioid Use Disorder,41,19
condition,C30.0,http://hl7.org/fhir/sid/icd-10,Malignant neoplasm of nasal cavity,19,19
procedure,D0431,http://www.ada.org/cdt,"adjunctive pre-diagnostic test that aids in detection of mucosal abnormalities including premalignant and malignant lesions, not to include cytology or biopsy procedures",19,19
condition,62479008,http://snomed.info/sct,Acquired immune deficiency syndrome (disorder),19,19
procedure,D0371,http://www.ada.org/cdt,sialoendoscopy capture and interpretation,19,19
medication_request,858810,http://www.nlm.nih.gov/research/umls/rxnorm,enalapril maleate 20 MG Oral Tablet,19,19
procedure,D5520,http://www.ada.org/cdt,replace missing or broken teeth  complete denture each tooth,21,19
condition,128302006,http://snomed.info/sct,Chronic hepatitis C (disorder),18,18
condition,C44.02,http://hl7.org/fhir/sid/icd-10,Squamous cell carcinoma of skin of lip,18,18
condition,K03.2,http://hl7.org/fhir/sid/icd-10,Erosion of teeth,18,18
condition,K08.131,http://hl7.org/fhir/sid/icd-10,"Complete loss of teeth due to caries, class I",19,18
condition,M27.69,http://hl7.org/fhir/sid/icd-10,Other endosseous dental implant failure,19,18
condition,S02.5XXB,http://hl7.org/fhir/sid/icd-10,"Fracture of tooth (traumatic), initial encounter for open fracture",18,18
condition,360431007,http://snomed.info/sct,Embedded tooth,18,18
condition,70931000,http://snomed.info/sct,Pathological resorption of tooth,18,18
condition,S02.42XA,http://hl7.org/fhir/sid/icd-10,"Fracture of alveolus of maxilla, initial encounter for closed fracture",18,18
condition,C02.3,http://hl7.org/fhir/sid/icd-10,"Malignant neoplasm of anterior two-thirds of tongue, part unspecified",18,18
procedure,D7450,http://www.ada.org/cdt,removal of benign odontogenic cyst or tumor  lesion diameter up to 1.25 cm,18,18
procedure,D8690,http://www.ada.org/cdt,D8690,18,18
condition,C43.0,http://hl7.org/fhir/sid/icd-10,Malignant melanoma of lip,18,18
medication_request,313185,http://www.nlm.nih.gov/research/umls/rxnorm,Tacrine 10 MG Oral Capsule,18,18
medication_request,904481,http://www.nlm.nih.gov/research/umls/rxnorm,pravastatin sodium 80 MG Oral Tablet,18,18
condition,K09.8,http://hl7.org/fhir/sid/icd-10,"Other cysts of oral region, not elsewhere classified",18,18
condition,C34.9,http://hl7.org/fhir/sid/icd-10,Malignant neoplasm of unspecified part of bronchus or lung,18,18
condition,C08.0,http://hl7.org/fhir/sid/icd-10,Malignant neoplasm of submandibular gland,18,18
procedure,D9910,http://www.ada.org/cdt,application of desensitizing medicament,18,18
procedure,D0277,http://www.ada.org/cdt,vertical bitewings  7 to 8 radiographic images,18,18
condition,M27.61,http://hl7.org/fhir/sid/icd-10,Osseointegration failure of dental implant,17,17
condition,15724005,http://snomed.info/sct,Fracture of vertebral column without spinal cord injury (disorder),17,17
condition,C02.2,http://hl7.org/fhir/sid/icd-10,Malignant neoplasm of ventral surface of tongue,17,17
condition,M27.51,http://hl7.org/fhir/sid/icd-10,Perforation of root canal space due to endodontic treatment,17,17
condition,204949001,http://snomed.info/sct,Renal dysplasia (disorder),17,17
condition,S02.609B,http://hl7.org/fhir/sid/icd-10,"Fracture of mandible, unspecified, initial encounter for open fracture",17,17
medication_request,856535,http://www.nlm.nih.gov/research/umls/rxnorm,24 HR propranolol hydrochloride 60 MG Extended Release Oral Capsule,17,17
medication_request,866419,http://www.nlm.nih.gov/research/umls/rxnorm,24 HR metoprolol succinate 200 MG Extended Release Oral Tablet,17,17
medication_request,199663,http://www.nlm.nih.gov/research/umls/rxnorm,zidovudine 300 MG Oral Tablet,69,17
procedure,D6241,http://www.ada.org/cdt,pontic  porcelain fused to predominantly base metal,17,17
procedure,D0474,http://www.ada.org/cdt,accession of tissue gross and microscopic examination including assessment of surgical margins for presence of disease preparation and transmission of written report,17,17
condition,1734006,http://snomed.info/sct,Fracture of vertebral column with spinal cord injury (disorder),16,16
medication_request,1998774,http://www.nlm.nih.gov/research/umls/rxnorm,Breath-Actuated 120 ACTUAT beclomethasone dipropionate 0.04 MG/ACTUAT Metered Dose Inhaler [Qvar],175,16
medication_request,896766,http://www.nlm.nih.gov/research/umls/rxnorm,labetalol hydrochloride 300 MG Oral Tablet,16,16
procedure,D0381,http://www.ada.org/cdt,cone beam CT image capture with field of view of one full dental arch - mandible,16,16
procedure,D6751,http://www.ada.org/cdt,retainer crown  porcelain fused to predominantly base metal,16,16
condition,79619009,http://snomed.info/sct,Mitral valve stenosis (disorder),16,16
medication_request,896762,http://www.nlm.nih.gov/research/umls/rxnorm,labetalol hydrochloride 200 MG Oral Tablet,16,16
procedure,D9940,http://www.ada.org/cdt,D9940,16,16
condition,K08.431,http://hl7.org/fhir/sid/icd-10,"Partial loss of teeth due to caries, class I",16,16
procedure,D2962,http://www.ada.org/cdt,labial veneer (porcelain laminate) - indirect,17,16
medication_request,858817,http://www.nlm.nih.gov/research/umls/rxnorm,enalapril maleate 10 MG Oral Tablet,16,16
medication_request,751616,http://www.nlm.nih.gov/research/umls/rxnorm,nebivolol 10 MG Oral Tablet [Bystolic],16,16
medication_request,979468,http://www.nlm.nih.gov/research/umls/rxnorm,hydrochlorothiazide 12.5 MG / losartan potassium 50 MG Oral Tablet,16,16
condition,S02.5XXD,http://hl7.org/fhir/sid/icd-10,"Fracture of tooth (traumatic), subsequent encounter for fracture with routine healing",16,16
condition,M27.3,http://hl7.org/fhir/sid/icd-10,Alveolitis of jaws,15,15
condition,609496007,http://snomed.info/sct,Complication occurring during pregnancy (disorder),15,15
condition,K08.101,http://hl7.org/fhir/sid/icd-10,"Complete loss of teeth, unspecified cause, class I",15,15
condition,K05.5,http://hl7.org/fhir/sid/icd-10,Other periodontal diseases,15,15
condition,C73,http://hl7.org/fhir/sid/icd-10,Malignant neoplasm of thyroid gland,15,15
condition,D48.0,http://hl7.org/fhir/sid/icd-10,Neoplasm of uncertain behavior of bone and articular cartilage,15,15
condition,D46.4,http://hl7.org/fhir/sid/icd-10,"Refractory anemia, unspecified",15,15
condition,K11.5,http://hl7.org/fhir/sid/icd-10,Sialolithiasis,15,15
condition,161622006,http://snomed.info/sct,History of lower limb amputation (situation),15,15
condition,C02.0,http://hl7.org/fhir/sid/icd-10,Malignant neoplasm of dorsal surface of tongue,15,15
medication_request,309078,http://www.nlm.nih.gov/research/umls/rxnorm,cefpodoxime 200 MG Oral Tablet,15,15
encounter,76464004,http://snomed.info/sct,"Hospital admission, for observation (procedure)",15,15
procedure,D4270,http://www.ada.org/cdt,pedicle soft tissue graft procedure,15,15
procedure,D3421,http://www.ada.org/cdt,apicoectomy  premolar first root,15,15
procedure,D5751,http://www.ada.org/cdt,reline complete mandibular denture (indirect),15,15
procedure,D6205,http://www.ada.org/cdt,pontic  indirect resin based composite,16,15
procedure,D6068,http://www.ada.org/cdt,abutment supported retainer for porcelain/ceramic FPD,15,15
condition,K05.21,http://hl7.org/fhir/sid/icd-10,"Aggressive periodontitis, localized",15,15
procedure,D5730,http://www.ada.org/cdt,reline complete maxillary denture (direct),15,15
condition,K04.9,http://hl7.org/fhir/sid/icd-10,Other and unspecified diseases of pulp and periapical tissues,15,15
condition,K08.531,http://hl7.org/fhir/sid/icd-10,Fractured dental restorative material with loss of material,15,15
condition,80753001,http://snomed.info/sct,Arrested dental caries,15,15
procedure,D7550,http://www.ada.org/cdt,partial ostectomy/sequestrectomy for removal of non-vital bone,15,15
procedure,D2952,http://www.ada.org/cdt,post and core in addition to crown indirectly fabricated,15,15
condition,C15.9,http://hl7.org/fhir/sid/icd-10,"Malignant neoplasm of esophagus, unspecified",14,14
condition,K08.401,http://hl7.org/fhir/sid/icd-10,"Partial loss of teeth, unspecified cause, class I",14,14
condition,62718007,http://snomed.info/sct,Dribbling from mouth (finding),14,14
condition,K05.329,http://hl7.org/fhir/sid/icd-10,"Chronic periodontitis, generalized, unspecified severity",14,14
condition,C04.1,http://hl7.org/fhir/sid/icd-10,Malignant neoplasm of lateral floor of mouth,14,14
condition,66857006,http://snomed.info/sct,Hemoptysis (finding),14,14
procedure,D9944,http://www.ada.org/cdt,"occlusal guard - hard appliance, full arch",15,14
procedure,386510005,http://snomed.info/sct,Amputation care (regime/therapy),15,14
procedure,408919008,http://snomed.info/sct,Psychosocial care (regime/therapy),74,14
condition,C34.90,http://hl7.org/fhir/sid/icd-10,Malignant neoplasm of unspecified part of unspecified bronchus or lung,14,14
medication_request,212446,http://www.nlm.nih.gov/research/umls/rxnorm,azithromycin 250 MG Oral Tablet [Zithromax],15,14
procedure,303653007,http://snomed.info/sct,Computed tomography of head (procedure),14,14
condition,K11.6,http://hl7.org/fhir/sid/icd-10,Mucocele of salivary gland,14,14
medication_request,349353,http://www.nlm.nih.gov/research/umls/rxnorm,hydrochlorothiazide 25 MG / valsartan 160 MG Oral Tablet,14,14
procedure,D7870,http://www.ada.org/cdt,arthrocentesis,14,14
condition,82212003,http://snomed.info/sct,Erosion of teeth,13,13
condition,C44.32,http://hl7.org/fhir/sid/icd-10,Squamous cell carcinoma of skin of other and unspecified parts of face,13,13
condition,160701002,http://snomed.info/sct,Social migrant (finding),13,13
condition,K05.00,http://hl7.org/fhir/sid/icd-10,"Acute gingivitis, plaque induced",13,13
condition,K04.02,http://hl7.org/fhir/sid/icd-10,Irreversible pulpitis,13,13
procedure,709979004,http://snomed.info/sct,Doppler ultrasonography of artery (procedure),13,13
procedure,D6930,http://www.ada.org/cdt,re-cement or re-bond fixed partial denture,13,13
procedure,D6076,http://www.ada.org/cdt,implant supported retainer for FPD - porcelain fused to high noble alloys,13,13
medication_request,349200,http://www.nlm.nih.gov/research/umls/rxnorm,valsartan 320 MG Oral Tablet,13,13
medication_request,1437975,http://www.nlm.nih.gov/research/umls/rxnorm,Glycopyrrolate 1.5 MG Oral Tablet [Glycate],13,13
procedure,D6051,http://www.ada.org/cdt,interim implant abutment placement,13,13
procedure,410299006,http://snomed.info/sct,"Lab findings education, guidance, and counseling (procedure)",13,13
procedure,D5862,http://www.ada.org/cdt,precision attachment by report,14,13
medication_request,261962,http://www.nlm.nih.gov/research/umls/rxnorm,ramipril 10 MG Oral Capsule,13,13
procedure,D8060,http://www.ada.org/cdt,D8060,13,13
procedure,223484005,http://snomed.info/sct,Discussion about treatment (procedure),13,13
procedure,165355002,http://snomed.info/sct,Patient informed - test result (situation),13,13
encounter,185316007,http://snomed.info/sct,Indirect encounter (procedure),13,13
procedure,122460008,http://snomed.info/sct,Reexploration procedure (procedure),13,13
procedure,266753000,http://snomed.info/sct,Referral for laboratory tests (procedure),13,13
condition,K03.3,http://hl7.org/fhir/sid/icd-10,Pathological resorption of teeth,13,13
condition,C11.0,http://hl7.org/fhir/sid/icd-10,Malignant neoplasm of superior wall of nasopharynx,12,12
condition,C44.92,http://hl7.org/fhir/sid/icd-10,"Squamous cell carcinoma of skin, unspecified",12,12
condition,C18.9,http://hl7.org/fhir/sid/icd-10,"Malignant neoplasm of colon, unspecified",12,12
condition,K12.30,http://hl7.org/fhir/sid/icd-10,"Oral mucositis (ulcerative), unspecified",12,12
condition,87628006,http://snomed.info/sct,Bacterial infectious disease (disorder),12,12
condition,K06.0,http://hl7.org/fhir/sid/icd-10,Gingival recession,12,12
procedure,D3999,http://www.ada.org/cdt,"unspecified endodontic procedure, by report",14,12
procedure,177765008,http://snomed.info/sct,Opening of chest (procedure),12,12
procedure,D6111,http://www.ada.org/cdt,implant /abutment supported removable denture for edentulous arch  mandibular,12,12
procedure,D0393,http://www.ada.org/cdt,virtual treatment simulation using 3D image volume or surface scan,12,12
condition,288959006,http://snomed.info/sct,Unable to swallow saliva (finding),12,12
procedure,D0380,http://www.ada.org/cdt,cone beam CT image capture with limited field of view - less than one whole jaw,13,12
procedure,D5866,http://www.ada.org/cdt,overdenture  partial mandibular,12,12
procedure,177157003,http://snomed.info/sct,Spontaneous breech delivery (procedure),12,12
medication_request,854916,http://www.nlm.nih.gov/research/umls/rxnorm,bisoprolol fumarate 2.5 MG / hydrochlorothiazide 6.25 MG Oral Tablet,12,12
condition,S02.401A,http://hl7.org/fhir/sid/icd-10,"Maxillary fracture, unspecified side, initial encounter for closed fracture",12,12
procedure,61594008,http://snomed.info/sct,Microbial culture (procedure),12,12
procedure,1287742003,http://snomed.info/sct,Radiotherapy (procedure),408,12
condition,K06.8,http://hl7.org/fhir/sid/icd-10,Other specified disorders of gingiva and edentulous alveolar ridge,12,12
condition,K12.1,http://hl7.org/fhir/sid/icd-10,Other forms of stomatitis,11,11
condition,1086881000119107,http://snomed.info/sct,Fractured dental restorative material,11,11
condition,428915008,http://snomed.info/sct,Toxoplasma gondii antibody detected (finding),11,11
condition,127295002,http://snomed.info/sct,Traumatic brain injury (disorder),11,11
condition,60951000119105,http://snomed.info/sct,Blindness due to type 2 diabetes mellitus (disorder),11,11
condition,Z01.30,http://hl7.org/fhir/sid/icd-10,Encounter for examination of blood pressure without abnormal findings,11,11
condition,M26.621,http://hl7.org/fhir/sid/icd-10,Arthralgia of right temporomandibular joint,11,11
medication_request,1999667,http://www.nlm.nih.gov/research/umls/rxnorm,bictegravir 50 MG / emtricitabine 200 MG / tenofovir alafenamide 25 MG Oral Tablet,67,11
procedure,D8210,http://www.ada.org/cdt,removable appliance therapy,13,11
procedure,D0391,http://www.ada.org/cdt,"interpretation of diagnostic image by a practitioner not associated with capture of the image, including report",11,11
procedure,D7472,http://www.ada.org/cdt,removal of torus palatinus,11,11
procedure,D5810,http://www.ada.org/cdt,interim complete denture (maxillary),11,11
medication_request,898719,http://www.nlm.nih.gov/research/umls/rxnorm,benazepril hydrochloride 40 MG Oral Tablet,11,11
condition,C09.1,http://hl7.org/fhir/sid/icd-10,Malignant neoplasm of tonsillar pillar (anterior) (posterior),11,11
medication_request,854905,http://www.nlm.nih.gov/research/umls/rxnorm,bisoprolol fumarate 5 MG Oral Tablet,11,11
medication_request,198188,http://www.nlm.nih.gov/research/umls/rxnorm,ramipril 2.5 MG Oral Capsule,11,11
procedure,D6115,http://www.ada.org/cdt,implant /abutment supported fixed denture for edentulous arch  mandibular,11,11
procedure,D0473,http://www.ada.org/cdt,"accession of tissue, gross and microscopic examination, preparation and transmission of written report",11,11
procedure,770695002,http://snomed.info/sct,Referral to spinal surgery service (procedure),11,11
condition,C08.9,http://hl7.org/fhir/sid/icd-10,"Malignant neoplasm of major salivary gland, unspecified",11,11
condition,91434003,http://snomed.info/sct,Pulmonic valve regurgitation (disorder),10,10
condition,M27.63,http://hl7.org/fhir/sid/icd-10,Post-osseointegration mechanical failure of dental implant,10,10
condition,429280009,http://snomed.info/sct,History of amputation of foot (situation),10,10
condition,K08.404,http://hl7.org/fhir/sid/icd-10,"Partial loss of teeth, unspecified cause, class IV",10,10
condition,D48.5,http://hl7.org/fhir/sid/icd-10,Neoplasm of uncertain behavior of skin,10,10
condition,C00.2,http://hl7.org/fhir/sid/icd-10,"Malignant neoplasm of external lip, unspecified",10,10
condition,K08.51,http://hl7.org/fhir/sid/icd-10,Open restoration margins of tooth,10,10
condition,M26.622,http://hl7.org/fhir/sid/icd-10,Arthralgia of left temporomandibular joint,10,10
condition,Z51.11,http://hl7.org/fhir/sid/icd-10,Encounter for antineoplastic chemotherapy,10,10
procedure,D7997,http://www.ada.org/cdt,"appliance removal (not by dentist who placed appliance), includes removal of archbar",10,10
procedure,79733001,http://snomed.info/sct,Amputation above-knee (procedure),11,10
procedure,306237005,http://snomed.info/sct,Referral to palliative care service (procedure),10,10
procedure,D3425,http://www.ada.org/cdt,apicoectomy  molar first root,10,10
procedure,D7413,http://www.ada.org/cdt,excision of malignant lesion up to 1.25 cm,10,10
procedure,D7465,http://www.ada.org/cdt,"destruction of lesion(s) by physical or chemical method, by report",10,10
procedure,38102005,http://snomed.info/sct,Cholecystectomy (procedure),10,10
medication_request,476556,http://www.nlm.nih.gov/research/umls/rxnorm,emtricitabine 200 MG / tenofovir disoproxil fumarate 300 MG Oral Tablet,85,10
condition,C32.3,http://hl7.org/fhir/sid/icd-10,Malignant neoplasm of laryngeal cartilage,10,10
procedure,D7460,http://www.ada.org/cdt,removal of benign nonodontogenic cyst or tumor - lesion diameter up to 1.25 cm,10,10
procedure,D1352,http://www.ada.org/cdt,preventive resin restoration in a moderate to high caries risk patient  permanent tooth,10,10
procedure,D5811,http://www.ada.org/cdt,interim complete denture (mandibular),10,10
condition,K06.3,http://hl7.org/fhir/sid/icd-10,Horizontal alveolar bone loss,10,10
condition,K08.24,http://hl7.org/fhir/sid/icd-10,Minimal atrophy of maxilla,10,10
procedure,447759004,http://snomed.info/sct,Brachytherapy of breast (procedure),10,10
condition,K05.11,http://hl7.org/fhir/sid/icd-10,"Chronic gingivitis, non-plaque induced",10,10
procedure,D6114,http://www.ada.org/cdt,implant /abutment supported fixed denture for edentulous arch - maxillary,10,10
condition,C00.4,http://hl7.org/fhir/sid/icd-10,"Malignant neoplasm of lower lip, inner aspect",10,10
medication_request,636045,http://www.nlm.nih.gov/research/umls/rxnorm,hydrochlorothiazide 25 MG / valsartan 320 MG Oral Tablet,10,10
condition,246677007,http://snomed.info/sct,Passive conjunctival congestion (finding),10,10
medication_request,979464,http://www.nlm.nih.gov/research/umls/rxnorm,hydrochlorothiazide 12.5 MG / losartan potassium 100 MG Oral Tablet,10,10
condition,C50.919,http://hl7.org/fhir/sid/icd-10,Malignant neoplasm of unspecified site of unspecified female breast,10,10
condition,266421008,http://snomed.info/sct,Dental arch relationship anomaly,9,9
condition,C79.51,http://hl7.org/fhir/sid/icd-10,Secondary malignant neoplasm of bone,9,9
condition,C56.9,http://hl7.org/fhir/sid/icd-10,Malignant neoplasm of unspecified ovary,9,9
condition,M26.52,http://hl7.org/fhir/sid/icd-10,Limited mandibular range of motion,9,9
procedure,D1515,http://www.ada.org/cdt,D1515,9,9
procedure,D2792,http://www.ada.org/cdt,crown  full cast noble metal,9,9
procedure,D9212,http://www.ada.org/cdt,trigeminal division block anesthesia,9,9
procedure,D7911,http://www.ada.org/cdt,complicated suture - up to 5 cm,9,9
procedure,D7414,http://www.ada.org/cdt,excision of malignant lesion greater than 1.25 cm,9,9
procedure,9905009,http://snomed.info/sct,Loop colostomy (procedure),9,9
condition,K03.89,http://hl7.org/fhir/sid/icd-10,Other specified diseases of hard tissues of teeth,9,9
medication_request,200096,http://www.nlm.nih.gov/research/umls/rxnorm,irbesartan 300 MG Oral Tablet,9,9
medication_request,856519,http://www.nlm.nih.gov/research/umls/rxnorm,propranolol hydrochloride 40 MG Oral Tablet,9,9
procedure,D6101,http://www.ada.org/cdt,"debridement of a peri-implant defect or defects surrounding a single implant, and surface cleaning of the exposed implant surfaces, including flap entry and closure",9,9
procedure,D7461,http://www.ada.org/cdt,removal of benign nonodontogenic cyst or tumor  lesion diameter greater than 1.25 cm,9,9
procedure,116863004,http://snomed.info/sct,Transfusion of red blood cells (procedure),9,9
medication_request,866429,http://www.nlm.nih.gov/research/umls/rxnorm,24 HR metoprolol succinate 25 MG Extended Release Oral Tablet [Toprol],9,9
medication_request,197903,http://www.nlm.nih.gov/research/umls/rxnorm,lovastatin 10 MG Oral Tablet,9,9
procedure,D7291,http://www.ada.org/cdt,transseptal fiberotomy/supra crestal fiberotomy by report,9,9
condition,K02.6,http://hl7.org/fhir/sid/icd-10,Dental caries on smooth surface,9,9
condition,S02.2XXA,http://hl7.org/fhir/sid/icd-10,"Fracture of nasal bones, initial encounter for closed fracture",9,9
condition,15802004,http://snomed.info/sct,Dystonia (disorder),9,9
procedure,33633005,http://snomed.info/sct,Prescription of drug (procedure),9,9
procedure,D2643,http://www.ada.org/cdt,onlay  porcelain/ceramic  three surfaces,9,9
procedure,D9440,http://www.ada.org/cdt,office visit  after regularly scheduled hours,9,9
medication_request,856457,http://www.nlm.nih.gov/research/umls/rxnorm,propranolol hydrochloride 20 MG Oral Tablet,9,9
condition,157265008,http://snomed.info/sct,Dislocation of hip joint (disorder),8,8
condition,K00.7,http://hl7.org/fhir/sid/icd-10,Teething syndrome,8,8
condition,C02.4,http://hl7.org/fhir/sid/icd-10,Malignant neoplasm of lingual tonsil,8,8
condition,D02.0,http://hl7.org/fhir/sid/icd-10,Carcinoma in situ of larynx,8,8
condition,C90.01,http://hl7.org/fhir/sid/icd-10,Multiple myeloma in remission,8,8
condition,M26.602,http://hl7.org/fhir/sid/icd-10,"Left temporomandibular joint disorder, unspecified",8,8
condition,K00.8,http://hl7.org/fhir/sid/icd-10,Other disorders of tooth development,8,8
condition,M26.30,http://hl7.org/fhir/sid/icd-10,Unspecified anomaly of tooth position of fully erupted tooth or teeth,8,8
condition,C31.9,http://hl7.org/fhir/sid/icd-10,"Malignant neoplasm of accessory sinus, unspecified",8,8
condition,S02.602A,http://hl7.org/fhir/sid/icd-10,"Fracture of unspecified part of body of left mandible, initial encounter for closed fracture",8,8
condition,M26.631,http://hl7.org/fhir/sid/icd-10,Articular disc disorder of right temporomandibular joint,8,8
medication_request,827075,http://www.nlm.nih.gov/research/umls/rxnorm,nebivolol 20 MG Oral Tablet [Bystolic],8,8
medication_request,200285,http://www.nlm.nih.gov/research/umls/rxnorm,hydrochlorothiazide 12.5 MG / valsartan 160 MG Oral Tablet,8,8
procedure,D6012,http://www.ada.org/cdt,surgical placement of interim implant body for transitional prosthesis: endosteal implant,8,8
procedure,D6793,http://www.ada.org/cdt,interim retainer crown  further treatment or completion of diagnosis necessary prior to final impression,8,8
procedure,D5932,http://www.ada.org/cdt,"obturator prosthesis, definitive",8,8
procedure,D5982,http://www.ada.org/cdt,surgical stent,9,8
procedure,D6069,http://www.ada.org/cdt,abutment supported retainer for porcelain fused to metal FPD (high noble metal),8,8
procedure,D5821,http://www.ada.org/cdt,"interim partial denture (including retentive/clasping materials, rests, and teeth), mandibular",8,8
procedure,D0485,http://www.ada.org/cdt,consultation including preparation of slides from biopsy material supplied by referring source,8,8
procedure,D4264,http://www.ada.org/cdt,bone replacement graft - retained natural tooth - each additional site in quadrant,8,8
procedure,D7899,http://www.ada.org/cdt,"unspecified TMD therapy, by report",8,8
medication_request,314203,http://www.nlm.nih.gov/research/umls/rxnorm,quinapril 40 MG Oral Tablet,8,8
medication_request,856448,http://www.nlm.nih.gov/research/umls/rxnorm,propranolol hydrochloride 10 MG Oral Tablet,8,8
procedure,D5731,http://www.ada.org/cdt,reline complete mandibular denture (direct),8,8
condition,1085741000119102,http://snomed.info/sct,Contour of existing restoration of tooth biologically incompatible with oral health,8,8
procedure,D8020,http://www.ada.org/cdt,limited orthodontic treatment of the transitional dentition,8,8
procedure,D4321,http://www.ada.org/cdt,D4321,8,8
medication_request,200345,http://www.nlm.nih.gov/research/umls/rxnorm,simvastatin 80 MG Oral Tablet,8,8
procedure,D5933,http://www.ada.org/cdt,"obturator prosthesis, modification",8,8
medication_request,2003249,http://www.nlm.nih.gov/research/umls/rxnorm,lamivudine 300 MG / tenofovir disoproxil fumarate 300 MG Oral Tablet,101,8
medication_request,898342,http://www.nlm.nih.gov/research/umls/rxnorm,amlodipine 10 MG / benazepril hydrochloride 20 MG Oral Capsule,8,8
procedure,D6080,http://www.ada.org/cdt,implant maintenance procedures when prostheses are removed and reinserted including cleansing of prostheses and abutments,8,8
condition,D00.07,http://hl7.org/fhir/sid/icd-10,Carcinoma in situ of tongue,8,8
procedure,D0368,http://www.ada.org/cdt,cone beam CT capture and interpretation for TMJ series including two or more exposures,8,8
medication_request,746763,http://www.nlm.nih.gov/research/umls/rxnorm,NDA020503 200 ACTUAT albuterol 0.09 MG/ACTUAT Metered Dose Inhaler [Proventil],99,8
procedure,373786007,http://snomed.info/sct,Reasons for treatment delay (finding),8,8
procedure,D9971,http://www.ada.org/cdt,odontoplasty  per tooth,8,8
procedure,D2791,http://www.ada.org/cdt,crown  full cast predominantly base metal,8,8
medication_request,789980,http://www.nlm.nih.gov/research/umls/rxnorm,Ampicillin 100 MG/ML Injectable Solution,9,8
medication_request,1650142,http://www.nlm.nih.gov/research/umls/rxnorm,Doxycycline Monohydrate 100 MG Oral Tablet,8,8
condition,M26.601,http://hl7.org/fhir/sid/icd-10,"Right temporomandibular joint disorder, unspecified",7,7
condition,C44.31,http://hl7.org/fhir/sid/icd-10,Basal cell carcinoma of skin of other and unspecified parts of face,7,7
condition,152621000119105,http://snomed.info/sct,History of allotransplantation of bone marrow (situation),7,7
condition,K08.530,http://hl7.org/fhir/sid/icd-10,Fractured dental restorative material without loss of material,7,7
condition,M26.632,http://hl7.org/fhir/sid/icd-10,Articular disc disorder of left temporomandibular joint,7,7
condition,K06.1,http://hl7.org/fhir/sid/icd-10,Gingival enlargement,7,7
condition,S02.600A,http://hl7.org/fhir/sid/icd-10,"Fracture of unspecified part of body of mandible, unspecified side, initial encounter for closed fracture",7,7
condition,K04.2,http://hl7.org/fhir/sid/icd-10,Pulp degeneration,7,7
condition,C50.912,http://hl7.org/fhir/sid/icd-10,Malignant neoplasm of unspecified site of left female breast,7,7
condition,M26.02,http://hl7.org/fhir/sid/icd-10,Maxillary hypoplasia,7,7
condition,K04.99,http://hl7.org/fhir/sid/icd-10,Other diseases of pulp and periapical tissues,7,7
condition,K02.61,http://hl7.org/fhir/sid/icd-10,Dental caries on smooth surface limited to enamel,7,7
condition,D37.02,http://hl7.org/fhir/sid/icd-10,Neoplasm of uncertain behavior of tongue,7,7
condition,C44.222,http://hl7.org/fhir/sid/icd-10,Squamous cell carcinoma of skin of right ear and external auricular canal,7,7
condition,C32.8,http://hl7.org/fhir/sid/icd-10,Malignant neoplasm of overlapping sites of larynx,7,7
condition,D02.4,http://hl7.org/fhir/sid/icd-10,"Carcinoma in situ of respiratory system, unspecified",7,7
condition,K05.212,http://hl7.org/fhir/sid/icd-10,"Aggressive periodontitis, localized, moderate",7,7
condition,C04.8,http://hl7.org/fhir/sid/icd-10,Malignant neoplasm of overlapping sites of floor of mouth,7,7
condition,D00.00,http://hl7.org/fhir/sid/icd-10,"Carcinoma in situ of oral cavity, unspecified site",7,7
condition,S02.92XA,http://hl7.org/fhir/sid/icd-10,"Unspecified fracture of facial bones, initial encounter for closed fracture",7,7
condition,K13.4,http://hl7.org/fhir/sid/icd-10,Granuloma and granuloma-like lesions of oral mucosa,7,7
condition,C00.0,http://hl7.org/fhir/sid/icd-10,Malignant neoplasm of external upper lip,7,7
condition,C13.8,http://hl7.org/fhir/sid/icd-10,Malignant neoplasm of overlapping sites of hypopharynx,7,7
condition,C13.1,http://hl7.org/fhir/sid/icd-10,"Malignant neoplasm of aryepiglottic fold, hypopharyngeal aspect",7,7
condition,K08.199,http://hl7.org/fhir/sid/icd-10,"Complete loss of teeth due to other specified cause, unspecified class",7,7
medication_request,856460,http://www.nlm.nih.gov/research/umls/rxnorm,24 HR propranolol hydrochloride 120 MG Extended Release Oral Capsule,7,7
medication_request,898690,http://www.nlm.nih.gov/research/umls/rxnorm,benazepril hydrochloride 20 MG Oral Tablet,7,7
encounter,387713003,http://snomed.info/sct,Surgical procedure (procedure),7,7
procedure,D8999,http://www.ada.org/cdt,unspecified orthodontic procedure by report,14,7
procedure,D3348,http://www.ada.org/cdt,retreatment of previous root canal therapy  molar,7,7
procedure,D7292,http://www.ada.org/cdt,placement of temporary anchorage device [screw retained plate] requiring flap,7,7
procedure,D4274,http://www.ada.org/cdt,mesial/distal wedge procedure single tooth when not performed in conjunction with surgical procedures in the same anatomical area,7,7
procedure,D7485,http://www.ada.org/cdt,reduction of osseous tuberosity,7,7
procedure,D7640,http://www.ada.org/cdt,mandible  closed reduction teeth immobilized if present,7,7
procedure,D5512,http://www.ada.org/cdt,"repair broken complete denture base, maxillary",7,7
procedure,D0417,http://www.ada.org/cdt,collection and preparation of saliva sample for laboratory diagnostic testing,7,7
procedure,D6091,http://www.ada.org/cdt,"replacement of replaceable part of semi-precision or precision attachment of implant/abutment supported prosthesis, per attachment",7,7
procedure,D9219,http://www.ada.org/cdt,"evaluation for moderate sedation, deep sedation or general anesthesia",7,7
procedure,D6085,http://www.ada.org/cdt,interim implant crown,7,7
procedure,D9930,http://www.ada.org/cdt,"treatment of complications (post-surgical) - unusual circumstances, by report",7,7
observation,22577-1,http://loinc.org,Toxoplasma gondii Ab [Presence] in Serum,7,7
medication_request,744842,http://www.nlm.nih.gov/research/umls/rxnorm,raltegravir 400 MG Oral Tablet,94,7
condition,M26.09,http://hl7.org/fhir/sid/icd-10,Other specified anomalies of jaw size,7,7
condition,C43.4,http://hl7.org/fhir/sid/icd-10,Malignant melanoma of scalp and neck,7,7
medication_request,1306292,http://www.nlm.nih.gov/research/umls/rxnorm,cobicistat 150 MG / elvitegravir 150 MG / emtricitabine 200 MG / tenofovir disoproxil fumarate 300 MG Oral Tablet,129,7
medication_request,200095,http://www.nlm.nih.gov/research/umls/rxnorm,irbesartan 150 MG Oral Tablet,7,7
procedure,D3426,http://www.ada.org/cdt,apicoectomy (each additional root),7,7
medication_request,317150,http://www.nlm.nih.gov/research/umls/rxnorm,ritonavir 100 MG Oral Capsule,90,7
condition,M26.07,http://hl7.org/fhir/sid/icd-10,Excessive tuberosity of jaw,7,7
condition,C11.1,http://hl7.org/fhir/sid/icd-10,Malignant neoplasm of posterior wall of nasopharynx,7,7
procedure,D5660,http://www.ada.org/cdt,add clasp to existing partial denture  per tooth,7,7
procedure,D4278,http://www.ada.org/cdt,"free soft tissue graft procedure (including recipient and donor surgical sites) each additional contiguous tooth, implant or edentulous tooth position in same graft site",7,7
procedure,D7980,http://www.ada.org/cdt,surgical sialolithotomy,7,7
condition,K08.429,http://hl7.org/fhir/sid/icd-10,"Partial loss of teeth due to periodontal diseases, unspecified class",7,7
procedure,D0486,http://www.ada.org/cdt,laboratory accession of transepithelial cytologic sample microscopic examination preparation and transmission of written report,7,7
procedure,609588000,http://snomed.info/sct,Prosthetic total arthroplasty of knee joint (procedure),8,7
procedure,D5850,http://www.ada.org/cdt,"tissue conditioning, maxillary",7,7
procedure,D5610,http://www.ada.org/cdt,D5610,7,7
condition,C10.3,http://hl7.org/fhir/sid/icd-10,Malignant neoplasm of posterior wall of oropharynx,7,7
procedure,D5630,http://www.ada.org/cdt,repair or replace broken retentive clasping materials  per tooth,7,7
procedure,D9987,http://www.ada.org/cdt,cancelled appointment,7,7
medication_request,309043,http://www.nlm.nih.gov/research/umls/rxnorm,12 HR Cefaclor 500 MG Extended Release Oral Tablet,7,7
medication_request,858804,http://www.nlm.nih.gov/research/umls/rxnorm,enalapril maleate 2.5 MG Oral Tablet,7,7
condition,91861009,http://snomed.info/sct,Acute myeloid leukemia (disorder),6,6
condition,M27.59,http://hl7.org/fhir/sid/icd-10,Other periradicular pathology associated with previous endodontic treatment,6,6
condition,C92.00,http://hl7.org/fhir/sid/icd-10,"Acute myeloblastic leukemia, not having achieved remission",6,6
condition,C44.320,http://hl7.org/fhir/sid/icd-10,Squamous cell carcinoma of skin of unspecified parts of face,6,6
condition,K08.433,http://hl7.org/fhir/sid/icd-10,"Partial loss of teeth due to caries, class III",6,6
condition,K11.9,http://hl7.org/fhir/sid/icd-10,"Disease of salivary gland, unspecified",6,6
condition,C83.31,http://hl7.org/fhir/sid/icd-10,"Diffuse large B-cell lymphoma, lymph nodes of head, face, and neck",6,6
condition,K00.9,http://hl7.org/fhir/sid/icd-10,"Disorder of tooth development, unspecified",6,6
condition,734025005,http://snomed.info/sct,Excessive spacing of fully erupted teeth,6,6
condition,190905008,http://snomed.info/sct,Cystic fibrosis (disorder),6,6
condition,C44.229,http://hl7.org/fhir/sid/icd-10,Squamous cell carcinoma of skin of left ear and external auricular canal,6,6
condition,M26.4,http://hl7.org/fhir/sid/icd-10,"Malocclusion, unspecified",6,6
condition,C10.8,http://hl7.org/fhir/sid/icd-10,Malignant neoplasm of overlapping sites of oropharynx,6,6
medication_request,898356,http://www.nlm.nih.gov/research/umls/rxnorm,amlodipine 5 MG / benazepril hydrochloride 20 MG Oral Capsule,6,6
medication_request,898353,http://www.nlm.nih.gov/research/umls/rxnorm,amlodipine 5 MG / benazepril hydrochloride 10 MG Oral Capsule,6,6
medication_request,205326,http://www.nlm.nih.gov/research/umls/rxnorm,lisinopril 30 MG Oral Tablet,6,6
encounter,67799006,http://snomed.info/sct,"Cystic fibrosis, prenatal detection (procedure)",6,6
procedure,232967006,http://snomed.info/sct,Implantation of left cardiac ventricular assist device (procedure),6,6
procedure,D4240,http://www.ada.org/cdt,"gingival flap procedure, including root planing - four or more contiguous teeth or tooth bounded spaces per quadrant",6,6
procedure,D1353,http://www.ada.org/cdt,sealant repair - per tooth,6,6
procedure,D7955,http://www.ada.org/cdt,repair of maxillofacial soft and/or hard tissue defect,6,6
procedure,D6950,http://www.ada.org/cdt,precision attachment,7,6
procedure,305425002,http://snomed.info/sct,Admission to neurosurgical department (procedure),6,6
condition,S02.66XA,http://hl7.org/fhir/sid/icd-10,"Fracture of symphysis of mandible, initial encounter for closed fracture",6,6
condition,K05.22,http://hl7.org/fhir/sid/icd-10,"Aggressive periodontitis, generalized",6,6
condition,K11.3,http://hl7.org/fhir/sid/icd-10,Abscess of salivary gland,6,6
medication_request,284988,http://www.nlm.nih.gov/research/umls/rxnorm,didanosine 400 MG Delayed Release Oral Capsule,24,6
condition,C34.11,http://hl7.org/fhir/sid/icd-10,"Malignant neoplasm of upper lobe, right bronchus or lung",6,6
medication_request,205532,http://www.nlm.nih.gov/research/umls/rxnorm,dornase alfa 1 MG/ML Inhalation Solution [Pulmozyme],76,6
medication_request,643066,http://www.nlm.nih.gov/research/umls/rxnorm,efavirenz 600 MG / emtricitabine 200 MG / tenofovir disoproxil fumarate 300 MG Oral Tablet,20,6
medication_request,865098,http://www.nlm.nih.gov/research/umls/rxnorm,Insulin Lispro 100 UNT/ML Injectable Solution [Humalog],461,6
medication_request,904458,http://www.nlm.nih.gov/research/umls/rxnorm,pravastatin sodium 10 MG Oral Tablet,6,6
medication_request,349483,http://www.nlm.nih.gov/research/umls/rxnorm,valsartan 40 MG Oral Tablet,6,6
medication_request,897122,http://www.nlm.nih.gov/research/umls/rxnorm,3 ML liraglutide 6 MG/ML Pen Injector,37,6
observation,21924-6,http://loinc.org,Tumor marker Cancer,6,6
condition,D37.04,http://hl7.org/fhir/sid/icd-10,Neoplasm of uncertain behavior of the minor salivary glands,6,6
procedure,D2960,http://www.ada.org/cdt,labial veneer (resin laminate) - direct,6,6
medication_request,476350,http://www.nlm.nih.gov/research/umls/rxnorm,ezetimibe 10 MG / simvastatin 40 MG Oral Tablet,6,6
procedure,D5710,http://www.ada.org/cdt,rebase complete maxillary denture,6,6
procedure,D7881,http://www.ada.org/cdt,occlusal orthotic device adjustment,6,6
procedure,113120007,http://snomed.info/sct,Interstitial brachytherapy (procedure),6,6
condition,K08.411,http://hl7.org/fhir/sid/icd-10,"Partial loss of teeth due to trauma, class I",6,6
observation,26881-3,http://loinc.org,Interleukin 6 [Mass/volume] in Serum or Plasma,36,6
procedure,113076002,http://snomed.info/sct,Glucose tolerance test (procedure),30,6
procedure,82078001,http://snomed.info/sct,Collection of blood specimen for laboratory (procedure),202,6
procedure,D0290,http://www.ada.org/cdt,D0290,6,6
condition,718060003,http://snomed.info/sct,Generalised slight chronic periodontitis,6,6
medication_request,898687,http://www.nlm.nih.gov/research/umls/rxnorm,benazepril hydrochloride 10 MG Oral Tablet,6,6
diagnostic_report,82335-1,http://loinc.org,Cytokines panel - Serum or Plasma,36,6
condition,C90.02,http://hl7.org/fhir/sid/icd-10,Multiple myeloma in relapse,6,6
procedure,D0482,http://www.ada.org/cdt,direct immunofluorescence,6,6
procedure,D0475,http://www.ada.org/cdt,decalcification procedure,6,6
procedure,104173009,http://snomed.info/sct,Microbial culture of sputum (procedure),202,6
procedure,D7272,http://www.ada.org/cdt,tooth transplantation (includes re-implantation from one site to another and splinting and/or stabilization),6,6
condition,61804006,http://snomed.info/sct,Alveolitis of jaw,5,5
condition,Z13.1,http://hl7.org/fhir/sid/icd-10,Encounter for screening for diabetes mellitus,5,5
condition,K12.31,http://hl7.org/fhir/sid/icd-10,Oral mucositis (ulcerative) due to antineoplastic therapy,5,5
condition,K08.539,http://hl7.org/fhir/sid/icd-10,"Fractured dental restorative material, unspecified",5,5
condition,715860003,http://snomed.info/sct,Localised severe aggressive periodontitis,5,5
condition,M26.629,http://hl7.org/fhir/sid/icd-10,"Arthralgia of temporomandibular joint, unspecified side",5,5
condition,C77.9,http://hl7.org/fhir/sid/icd-10,"Secondary and unspecified malignant neoplasm of lymph node, unspecified",5,5
condition,D10.2,http://hl7.org/fhir/sid/icd-10,Benign neoplasm of floor of mouth,5,5
condition,Z13.0,http://hl7.org/fhir/sid/icd-10,Encounter for screening for diseases of the blood and blood-forming organs and certain disorders involving the immune mechanism,5,5
condition,C31.2,http://hl7.org/fhir/sid/icd-10,Malignant neoplasm of frontal sinus,5,5
condition,M26.00,http://hl7.org/fhir/sid/icd-10,Unspecified anomaly of jaw size,5,5
condition,K03.1,http://hl7.org/fhir/sid/icd-10,Abrasion of teeth,5,5
condition,C67.9,http://hl7.org/fhir/sid/icd-10,"Malignant neoplasm of bladder, unspecified",5,5
condition,61977001,http://snomed.info/sct,Chronic type B viral hepatitis (disorder),5,5
condition,K08.139,http://hl7.org/fhir/sid/icd-10,"Complete loss of teeth due to caries, unspecified class",5,5
medication_request,200346,http://www.nlm.nih.gov/research/umls/rxnorm,cefdinir 300 MG Oral Capsule,5,5
medication_request,898359,http://www.nlm.nih.gov/research/umls/rxnorm,amlodipine 5 MG / benazepril hydrochloride 40 MG Oral Capsule,5,5
procedure,D2544,http://www.ada.org/cdt,onlay  metallic  four or more surfaces,5,5
procedure,D6055,http://www.ada.org/cdt,connecting bar  implant supported or abutment supported,5,5
procedure,D5851,http://www.ada.org/cdt,"tissue conditioning, mandibular",5,5
procedure,D8040,http://www.ada.org/cdt,limited orthodontic treatment of the adult dentition,5,5
procedure,D0250,http://www.ada.org/cdt,"extra-oral - 2D projection radiographic image created using a stationary radiation source, and detector",5,5
procedure,D7963,http://www.ada.org/cdt,frenuloplasty,5,5
procedure,D6110,http://www.ada.org/cdt,implant /abutment supported removable denture for edentulous arch  maxillary,5,5
procedure,112001000119100,http://snomed.info/sct,Positive screening for depression on Patient Health Questionnaire 9 (finding),7,5
procedure,D7961,http://www.ada.org/cdt,buccal / labial frenectomy (frenulectomy),5,5
procedure,52734007,http://snomed.info/sct,Total replacement of hip (procedure),5,5
procedure,D3428,http://www.ada.org/cdt,"bone graft in conjunction with periradicular surgery - per tooth, single site",5,5
condition,K03.0,http://hl7.org/fhir/sid/icd-10,Excessive attrition of teeth,5,5
condition,D46.9,http://hl7.org/fhir/sid/icd-10,"Myelodysplastic syndrome, unspecified",5,5
medication_request,1433873,http://www.nlm.nih.gov/research/umls/rxnorm,dolutegravir 50 MG Oral Tablet,75,5
medication_request,751623,http://www.nlm.nih.gov/research/umls/rxnorm,nebivolol 5 MG Oral Tablet [Bystolic],5,5
condition,C78.0,http://hl7.org/fhir/sid/icd-10,Secondary malignant neoplasm of lung,5,5
medication_request,1652673,http://www.nlm.nih.gov/research/umls/rxnorm,Doxycycline Monohydrate 50 MG Oral Tablet,6,5
medication_request,861654,http://www.nlm.nih.gov/research/umls/rxnorm,pitavastatin calcium 4 MG Oral Tablet [Livalo],5,5
medication_request,866516,http://www.nlm.nih.gov/research/umls/rxnorm,metoprolol tartrate 50 MG Oral Tablet [Lopressor],5,5
procedure,D2630,http://www.ada.org/cdt,inlay - porcelain/ceramic - three or more surfaces,5,5
procedure,167252002,http://snomed.info/sct,Urine pregnancy test (procedure),5,5
procedure,D2961,http://www.ada.org/cdt,labial veneer resin laminate  indirect,5,5
condition,C79.9,http://hl7.org/fhir/sid/icd-10,Secondary malignant neoplasm of unspecified site,5,5
procedure,112011000119102,http://snomed.info/sct,Negative screening for depression on Patient Health Questionnaire 9 (finding),5,5
condition,65510006,http://snomed.info/sct,Generalised gingival recession,5,5
medication_request,476349,http://www.nlm.nih.gov/research/umls/rxnorm,ezetimibe 10 MG / simvastatin 20 MG Oral Tablet,5,5
medication_request,312749,http://www.nlm.nih.gov/research/umls/rxnorm,quinapril 20 MG Oral Tablet,5,5
medication_request,858813,http://www.nlm.nih.gov/research/umls/rxnorm,enalapril maleate 5 MG Oral Tablet,5,5
procedure,D9951,http://www.ada.org/cdt,occlusal adjustment  limited,5,5
condition,K06.010,http://hl7.org/fhir/sid/icd-10,"Localized gingival recession, unspecified",5,5
procedure,D6102,http://www.ada.org/cdt,"debridement and osseous contouring of a peri-implant defect or defects surrounding a single implant and includes surface cleaning of the exposed implant surfaces, including flap entry and closure",5,5
condition,36923009,http://snomed.info/sct,"Major depression, single episode (disorder)",5,5
medication_request,854919,http://www.nlm.nih.gov/research/umls/rxnorm,bisoprolol fumarate 5 MG / hydrochlorothiazide 6.25 MG Oral Tablet,5,5
observation,72091-2,http://loinc.org,Knee injury and Osteoarthritis Outcome Score [KOOS],10,5
medication_request,898723,http://www.nlm.nih.gov/research/umls/rxnorm,benazepril hydrochloride 5 MG Oral Tablet,5,5
procedure,D7730,http://www.ada.org/cdt,mandible  open reduction,5,5
condition,K08.403,http://hl7.org/fhir/sid/icd-10,"Partial loss of teeth, unspecified cause, class III",5,5
condition,K05.01,http://hl7.org/fhir/sid/icd-10,"Acute gingivitis, non-plaque induced",5,5
procedure,D5225,http://www.ada.org/cdt,maxillary partial denture  flexible base including retentive/clasping materials rests and teeth,5,5
medication_request,617320,http://www.nlm.nih.gov/research/umls/rxnorm,atorvastatin 40 MG Oral Tablet [Lipitor],5,5
procedure,D2951,http://www.ada.org/cdt,"pin retention - per tooth, in addition to restoration",5,5
procedure,D5740,http://www.ada.org/cdt,reline maxillary partial denture (direct),5,5
procedure,D9985,http://www.ada.org/cdt,sales tax,5,5
condition,C00.1,http://hl7.org/fhir/sid/icd-10,Malignant neoplasm of external lower lip,5,5
procedure,103746007,http://snomed.info/sct,Heparin therapy (procedure),26,5
condition,K06.2,http://hl7.org/fhir/sid/icd-10,Gingival and edentulous alveolar ridge lesions associated with trauma,4,4
condition,D49.2,http://hl7.org/fhir/sid/icd-10,"Neoplasm of unspecified behavior of bone, soft tissue, and skin",4,4
condition,C39.0,http://hl7.org/fhir/sid/icd-10,"Malignant neoplasm of upper respiratory tract, part unspecified",4,4
condition,S02.402A,http://hl7.org/fhir/sid/icd-10,"Zygomatic fracture, unspecified side, initial encounter for closed fracture",4,4
condition,C83.39,http://hl7.org/fhir/sid/icd-10,"Diffuse large B-cell lymphoma, extranodal and solid organ sites",4,4
condition,M26.70,http://hl7.org/fhir/sid/icd-10,Unspecified alveolar anomaly,4,4
condition,C10.2,http://hl7.org/fhir/sid/icd-10,Malignant neoplasm of lateral wall of oropharynx,4,4
condition,C44.00,http://hl7.org/fhir/sid/icd-10,Unspecified malignant neoplasm of skin of lip,4,4
condition,K13.5,http://hl7.org/fhir/sid/icd-10,Oral submucous fibrosis,4,4
condition,C44.30,http://hl7.org/fhir/sid/icd-10,Unspecified malignant neoplasm of skin of other and unspecified parts of face,4,4
condition,M26.603,http://hl7.org/fhir/sid/icd-10,"Bilateral temporomandibular joint disorder, unspecified",4,4
condition,C44.311,http://hl7.org/fhir/sid/icd-10,Basal cell carcinoma of skin of nose,4,4
condition,715286003,http://snomed.info/sct,Localised moderate chronic periodontitis,4,4
condition,K13.22,http://hl7.org/fhir/sid/icd-10,Minimal keratinized residual ridge mucosa,4,4
condition,K08.21,http://hl7.org/fhir/sid/icd-10,Minimal atrophy of the mandible,4,4
condition,S02.40EA,http://hl7.org/fhir/sid/icd-10,"Zygomatic fracture, right side, initial encounter for closed fracture",4,4
condition,49915006,http://snomed.info/sct,Tricuspid valve stenosis (disorder),4,4
condition,427089005,http://snomed.info/sct,Diabetes mellitus due to cystic fibrosis (disorder),4,4
condition,S02.411A,http://hl7.org/fhir/sid/icd-10,"LeFort I fracture, initial encounter for closed fracture",4,4
condition,D18.01,http://hl7.org/fhir/sid/icd-10,Hemangioma of skin and subcutaneous tissue,4,4
condition,C92.10,http://hl7.org/fhir/sid/icd-10,"Chronic myeloid leukemia, BCR/ABL-positive, not having achieved remission",4,4
condition,C51.9,http://hl7.org/fhir/sid/icd-10,"Malignant neoplasm of vulva, unspecified",4,4
condition,409089005,http://snomed.info/sct,Febrile neutropenia (disorder),4,4
condition,Z40.9,http://hl7.org/fhir/sid/icd-10,"Encounter for prophylactic surgery, unspecified",4,4
condition,K12.33,http://hl7.org/fhir/sid/icd-10,Oral mucositis (ulcerative) due to radiation,4,4
medication_request,198767,http://www.nlm.nih.gov/research/umls/rxnorm,Pancreatin 600 MG Oral Tablet,51,4
medication_request,1359269,http://www.nlm.nih.gov/research/umls/rxnorm,darunavir 800 MG Oral Tablet,74,4
medication_request,312615,http://www.nlm.nih.gov/research/umls/rxnorm,predniSONE 20 MG Oral Tablet,4,4
procedure,43060002,http://snomed.info/sct,Intravenous injection (procedure),12,4
procedure,D9950,http://www.ada.org/cdt,occlusion analysis - mounted case,4,4
procedure,78429003,http://snomed.info/sct,Referral to physical rehabilitation service (procedure),4,4
procedure,D0395,http://www.ada.org/cdt,fusion of two or more 3D image volumes of one or more modalities,4,4
procedure,D5922,http://www.ada.org/cdt,nasal septal prosthesis,4,4
procedure,182836005,http://snomed.info/sct,Review of medication (procedure),4,4
procedure,D0321,http://www.ada.org/cdt,"other temporomandibular joint radiographic images, by report",4,4
procedure,D2644,http://www.ada.org/cdt,onlay  porcelain/ceramic  four or more surfaces,4,4
procedure,D5741,http://www.ada.org/cdt,reline mandibular partial denture (direct),4,4
procedure,D8010,http://www.ada.org/cdt,limited orthodontic treatment of the primary dentition,4,4
procedure,D7297,http://www.ada.org/cdt,"corticotomy - four or more teeth or tooth spaces, per quadrant",4,4
procedure,D5760,http://www.ada.org/cdt,reline maxillary partial denture (indirect),4,4
procedure,D7996,http://www.ada.org/cdt,implantmandible for augmentation purposes excluding alveolar ridge by report,4,4
procedure,D5931,http://www.ada.org/cdt,"obturator prosthesis, surgical",4,4
procedure,D7770,http://www.ada.org/cdt,alveolus  open reduction stabilization of teeth,4,4
condition,C11.3,http://hl7.org/fhir/sid/icd-10,Malignant neoplasm of anterior wall of nasopharynx,4,4
medication_request,198189,http://www.nlm.nih.gov/research/umls/rxnorm,ramipril 5 MG Oral Capsule,4,4
medication_request,1998772,http://www.nlm.nih.gov/research/umls/rxnorm,Breath-Actuated 120 ACTUAT beclomethasone dipropionate 0.08 MG/ACTUAT Metered Dose Inhaler [Qvar],41,4
medication_request,312962,http://www.nlm.nih.gov/research/umls/rxnorm,simvastatin 5 MG Oral Tablet,4,4
medication_request,403875,http://www.nlm.nih.gov/research/umls/rxnorm,emtricitabine 200 MG Oral Capsule,81,4
condition,K00.2,http://hl7.org/fhir/sid/icd-10,Abnormalities of size and form of teeth,4,4
condition,C06.89,http://hl7.org/fhir/sid/icd-10,Malignant neoplasm of overlapping sites of other parts of mouth,4,4
procedure,D6013,http://www.ada.org/cdt,surgical placement of mini implant,4,4
procedure,D6103,http://www.ada.org/cdt,bone graft for repair of peri-implant defect - does not include flap entry and closure,4,4
medication_request,1049635,http://www.nlm.nih.gov/research/umls/rxnorm,Acetaminophen 325 MG / oxyCODONE Hydrochloride 2.5 MG Oral Tablet,5,4
condition,C10.0,http://hl7.org/fhir/sid/icd-10,Malignant neoplasm of vallecula,4,4
condition,M26.643,http://hl7.org/fhir/sid/icd-10,Arthritis of bilateral temporomandibular joint,4,4
condition,K02.5,http://hl7.org/fhir/sid/icd-10,Dental caries on pit and fissure surface,4,4
procedure,D0360,http://www.ada.org/cdt,D0360,4,4
procedure,229069003,http://snomed.info/sct,Posture training (procedure),4,4
medication_request,205305,http://www.nlm.nih.gov/research/umls/rxnorm,telmisartan 80 MG Oral Tablet,4,4
condition,14760008,http://snomed.info/sct,Constipation (finding),4,4
procedure,D7350,http://www.ada.org/cdt,"vestibuloplasty - ridge extension (including soft tissue grafts, muscle reattachment, revision of soft tissue attachment and management of hypertrophied and hyperplastic tissue)",4,4
condition,C83.30,http://hl7.org/fhir/sid/icd-10,"Diffuse large B-cell lymphoma, unspecified site",4,4
condition,C09.8,http://hl7.org/fhir/sid/icd-10,Malignant neoplasm of overlapping sites of tonsil,4,4
condition,442437005,http://snomed.info/sct,Failure of osseointegration of dental implant,4,4
encounter,711495003,http://snomed.info/sct,Patient transfer to coronary care unit (procedure),4,4
condition,S02.611A,http://hl7.org/fhir/sid/icd-10,"Fracture of condylar process of right mandible, initial encounter for closed fracture",4,4
procedure,D6210,http://www.ada.org/cdt,pontic  cast high noble metal,4,4
condition,K08.422,http://hl7.org/fhir/sid/icd-10,"Partial loss of teeth due to periodontal diseases, class II",4,4
condition,C91.10,http://hl7.org/fhir/sid/icd-10,Chronic lymphocytic leukemia of B-cell type not having achieved remission,4,4
procedure,225953001,http://snomed.info/sct,Evaluating response to treatment (procedure),4,4
procedure,717778001,http://snomed.info/sct,Mouth care (regime/therapy),4,4
procedure,384692006,http://snomed.info/sct,Intracavitary brachytherapy (procedure),4,4
procedure,D1205,http://www.ada.org/cdt,D1205,4,4
condition,K04.3,http://hl7.org/fhir/sid/icd-10,Abnormal hard tissue formation in pulp,4,4
procedure,D7440,http://www.ada.org/cdt,excision of malignant tumor - lesion diameter up to 1.25 cm,4,4
procedure,D6061,http://www.ada.org/cdt,abutment supported porcelain fused to metal crown (noble metal),4,4
procedure,D8030,http://www.ada.org/cdt,limited orthodontic treatment of the adolescent dentition,4,4
procedure,D3431,http://www.ada.org/cdt,biologic materials to aid in soft and osseous tissue regeneration in conjunction with periradicular surgery,4,4
condition,S02.652A,http://hl7.org/fhir/sid/icd-10,"Fracture of angle of left mandible, initial encounter for closed fracture",3,3
condition,K05.219,http://hl7.org/fhir/sid/icd-10,"Aggressive periodontitis, localized, unspecified severity",3,3
condition,C32.2,http://hl7.org/fhir/sid/icd-10,Malignant neoplasm of subglottis,3,3
condition,C05.8,http://hl7.org/fhir/sid/icd-10,Malignant neoplasm of overlapping sites of palate,3,3
condition,46557008,http://snomed.info/sct,Disorder of hard tissues of teeth,3,3
condition,M26.51,http://hl7.org/fhir/sid/icd-10,Abnormal jaw closure,3,3
condition,K08.421,http://hl7.org/fhir/sid/icd-10,"Partial loss of teeth due to periodontal diseases, class I",3,3
condition,278365007,http://snomed.info/sct,Anticoagulant-induced bleeding (disorder),3,3
condition,M26.59,http://hl7.org/fhir/sid/icd-10,Other dentofacial functional abnormalities,3,3
condition,C14.8,http://hl7.org/fhir/sid/icd-10,"Malignant neoplasm of overlapping sites of lip, oral cavity and pharynx",3,3
condition,S02.5XXK,http://hl7.org/fhir/sid/icd-10,"Fracture of tooth (traumatic), subsequent encounter for fracture with nonunion",3,3
condition,S02.40DB,http://hl7.org/fhir/sid/icd-10,"Maxillary fracture, left side, initial encounter for open fracture",3,3
condition,M26.10,http://hl7.org/fhir/sid/icd-10,Unspecified anomaly of jaw-cranial base relationship,3,3
condition,275408006,http://snomed.info/sct,Postoperative renal failure (disorder),3,3
condition,K06.012,http://hl7.org/fhir/sid/icd-10,"Localized gingival recession, moderate",3,3
condition,K00.4,http://hl7.org/fhir/sid/icd-10,Disturbances in tooth formation,3,3
condition,C74.9,http://hl7.org/fhir/sid/icd-10,Malignant neoplasm of unspecified part of adrenal gland,3,3
condition,M26.29,http://hl7.org/fhir/sid/icd-10,Other anomalies of dental arch relationship,3,3
condition,302297009,http://snomed.info/sct,Congenital deformity of foot (disorder),3,3
condition,230745008,http://snomed.info/sct,Hydrocephalus (disorder),3,3
condition,D21.0,http://hl7.org/fhir/sid/icd-10,"Benign neoplasm of connective and other soft tissue of head, face and neck",3,3
condition,C10.1,http://hl7.org/fhir/sid/icd-10,Malignant neoplasm of anterior surface of epiglottis,3,3
condition,707418001,http://snomed.info/sct,Male infertility due to cystic fibrosis (disorder),3,3
condition,Z01.810,http://hl7.org/fhir/sid/icd-10,Encounter for preprocedural cardiovascular examination,3,3
condition,707577004,http://snomed.info/sct,Female infertility due to cystic fibrosis (disorder),3,3
condition,C71.9,http://hl7.org/fhir/sid/icd-10,"Malignant neoplasm of brain, unspecified",3,3
condition,C05.2,http://hl7.org/fhir/sid/icd-10,Malignant neoplasm of uvula,3,3
condition,K12.0,http://hl7.org/fhir/sid/icd-10,Recurrent oral aphthae,3,3
condition,M26.79,http://hl7.org/fhir/sid/icd-10,Other specified alveolar anomalies,3,3
condition,14901003,http://snomed.info/sct,Ankylosis of tooth,3,3
condition,C41.9,http://hl7.org/fhir/sid/icd-10,"Malignant neoplasm of bone and articular cartilage, unspecified",3,3
condition,K08.119,http://hl7.org/fhir/sid/icd-10,"Complete loss of teeth due to trauma, unspecified class",3,3
condition,C00.3,http://hl7.org/fhir/sid/icd-10,"Malignant neoplasm of upper lip, inner aspect",3,3
condition,S02.609A,http://hl7.org/fhir/sid/icd-10,"Fracture of mandible, unspecified, initial encounter for closed fracture",3,3
condition,M26.34,http://hl7.org/fhir/sid/icd-10,Vertical displacement of fully erupted tooth or teeth,3,3
condition,M26.39,http://hl7.org/fhir/sid/icd-10,Other anomalies of tooth position of fully erupted tooth or teeth,3,3
condition,D37.01,http://hl7.org/fhir/sid/icd-10,Neoplasm of uncertain behavior of lip,3,3
condition,D11.9,http://hl7.org/fhir/sid/icd-10,"Benign neoplasm of major salivary gland, unspecified",3,3
condition,K08.412,http://hl7.org/fhir/sid/icd-10,"Partial loss of teeth due to trauma, class II",3,3
condition,S02.621A,http://hl7.org/fhir/sid/icd-10,"Fracture of subcondylar process of right mandible, initial encounter for closed fracture",3,3
condition,K05.213,http://hl7.org/fhir/sid/icd-10,"Aggressive periodontitis, localized, severe",3,3
condition,D00.1,http://hl7.org/fhir/sid/icd-10,Carcinoma in situ of esophagus,3,3
medication_request,966524,http://www.nlm.nih.gov/research/umls/rxnorm,120 ACTUAT budesonide 0.18 MG/ACTUAT Dry Powder Inhaler [Pulmicort],169,3
medication_request,349251,http://www.nlm.nih.gov/research/umls/rxnorm,tenofovir disoproxil fumarate 300 MG Oral Tablet,79,3
procedure,D9613,http://www.ada.org/cdt,"infiltration of sustained release therapeutic drug, per quadrant",3,3
procedure,D6072,http://www.ada.org/cdt,abutment supported retainer for cast metal FPD high noble metal,3,3
procedure,D8692,http://www.ada.org/cdt,D8692,3,3
procedure,D4275,http://www.ada.org/cdt,"non-autogenous connective tissue graft (including recipient site and donor material) first tooth, implant, or edentulous tooth position in graft",3,3
procedure,D7871,http://www.ada.org/cdt,non-arthroscopic lysis and lavage,3,3
procedure,D2664,http://www.ada.org/cdt,onlay - resin-based composite - four or more surfaces,3,3
procedure,D9945,http://www.ada.org/cdt,"occlusal guard - soft appliance, full arch",3,3
procedure,D6071,http://www.ada.org/cdt,abutment supported retainer for porcelain fused to metal FPD (noble metal),3,3
procedure,D6067,http://www.ada.org/cdt,implant supported crown  high noble alloys,3,3
procedure,D6253,http://www.ada.org/cdt,interim pontic - further treatment or completion of diagnosis necessary prior to final impression,3,3
procedure,D6119,http://www.ada.org/cdt,implant/abutment supported interim fixed denture for edentulous arch - maxillary,3,3
procedure,D0384,http://www.ada.org/cdt,cone beam CT image capture for TMJ series including two or more exposures,3,3
procedure,D7995,http://www.ada.org/cdt,"synthetic graft - mandible or facial bones, by report",3,3
procedure,D1520,http://www.ada.org/cdt,space maintainer  removable unilateral  per quadrant,3,3
procedure,D7670,http://www.ada.org/cdt,alveolus  closed reduction may include stabilization of teeth,3,3
procedure,D3347,http://www.ada.org/cdt,retreatment of previous root canal therapy - premolar,3,3
procedure,D5611,http://www.ada.org/cdt,"repair resin partial denture base, mandibular",3,3
procedure,D3333,http://www.ada.org/cdt,internal root repair of perforation defects,3,3
procedure,D0363,http://www.ada.org/cdt,D0363,3,3
condition,S02.5XXS,http://hl7.org/fhir/sid/icd-10,"Fracture of tooth (traumatic), sequela",3,3
condition,Z13.31,http://hl7.org/fhir/sid/icd-10,Encounter for screening for depression,3,3
condition,119481000119105,http://snomed.info/sct,History of aortic valve repair (situation),3,3
condition,414667000,http://snomed.info/sct,Meningomyelocele (disorder),3,3
observation,71933-6,http://loinc.org,Veterans Rand health survey - 36 item (VR-36),4,3
medication_request,856481,http://www.nlm.nih.gov/research/umls/rxnorm,24 HR propranolol hydrochloride 160 MG Extended Release Oral Capsule,3,3
condition,Z01.00,http://hl7.org/fhir/sid/icd-10,Encounter for examination of eyes and vision without abnormal findings,3,3
medication_request,898350,http://www.nlm.nih.gov/research/umls/rxnorm,amlodipine 2.5 MG / benazepril hydrochloride 10 MG Oral Capsule,3,3
medication_request,866438,http://www.nlm.nih.gov/research/umls/rxnorm,24 HR metoprolol succinate 50 MG Extended Release Oral Tablet [Toprol],3,3
condition,68566005,http://snomed.info/sct,Urinary tract infectious disease (disorder),3,3
condition,1003755004,http://snomed.info/sct,Allergy to Hevea brasiliensis latex protein (finding),3,3
condition,K08.432,http://hl7.org/fhir/sid/icd-10,"Partial loss of teeth due to caries, class II",3,3
medication_request,898367,http://www.nlm.nih.gov/research/umls/rxnorm,benazepril hydrochloride 20 MG / hydrochlorothiazide 12.5 MG Oral Tablet,3,3
condition,K03.5,http://hl7.org/fhir/sid/icd-10,Ankylosis of teeth,3,3
condition,C34.91,http://hl7.org/fhir/sid/icd-10,Malignant neoplasm of unspecified part of right bronchus or lung,3,3
condition,C44.329,http://hl7.org/fhir/sid/icd-10,Squamous cell carcinoma of skin of other parts of face,3,3
medication_request,313760,http://www.nlm.nih.gov/research/umls/rxnorm,zalcitabine 0.75 MG Oral Tablet,8,3
condition,1163220007,http://snomed.info/sct,Pressure injury stage II (disorder),3,3
procedure,D3230,http://www.ada.org/cdt,"pulpal therapy (resorbable filling) - anterior, primary tooth (excluding final restoration)",3,3
procedure,30088009,http://snomed.info/sct,Blood culture (procedure),3,3
procedure,180030006,http://snomed.info/sct,Amputation of the foot (procedure),3,3
medication_request,312748,http://www.nlm.nih.gov/research/umls/rxnorm,quinapril 10 MG Oral Tablet,3,3
procedure,D7971,http://www.ada.org/cdt,excision of pericoronal gingiva,3,3
procedure,D6118,http://www.ada.org/cdt,implant/abutment supported interim fixed denture for edentulous arch - mandibular,3,3
condition,K08.54,http://hl7.org/fhir/sid/icd-10,Contour of existing restoration of tooth biologically incompatible with oral health,3,3
medication_request,349477,http://www.nlm.nih.gov/research/umls/rxnorm,efavirenz 600 MG Oral Tablet,10,3
procedure,D0382,http://www.ada.org/cdt,"cone beam CT image capture with field of view of one full dental arch - maxilla, with or without cranium",3,3
condition,C33,http://hl7.org/fhir/sid/icd-10,Malignant neoplasm of trachea,3,3
medication_request,1483744,http://www.nlm.nih.gov/research/umls/rxnorm,Naltrexone hydrochloride 50 MG Oral Tablet,3,3
procedure,D6792,http://www.ada.org/cdt,retainer crown  full cast noble metal,3,3
condition,C4A.39,http://hl7.org/fhir/sid/icd-10,Merkel cell carcinoma of other parts of face,3,3
procedure,D2990,http://www.ada.org/cdt,resin infiltration of incipient smooth surface lesions,3,3
condition,M26.639,http://hl7.org/fhir/sid/icd-10,"Articular disc disorder of temporomandibular joint, unspecified side",3,3
procedure,58390007,http://snomed.info/sct,Allogeneic bone marrow transplantation (procedure),3,3
procedure,D7940,http://www.ada.org/cdt,osteoplasty - for orthognathic deformities,3,3
condition,D45,http://hl7.org/fhir/sid/icd-10,Polycythemia vera,3,3
procedure,D6250,http://www.ada.org/cdt,pontic - resin with high noble metal,3,3
medication_request,864706,http://www.nlm.nih.gov/research/umls/rxnorm,methadone hydrochloride 10 MG Oral Tablet,3,3
procedure,D8070,http://www.ada.org/cdt,comprehensive orthodontic treatment of the transitional dentition,3,3
procedure,D8660,http://www.ada.org/cdt,preorthodontic treatment examination to monitor growth and development,3,3
condition,K08.134,http://hl7.org/fhir/sid/icd-10,"Complete loss of teeth due to caries, class IV",3,3
condition,K08.402,http://hl7.org/fhir/sid/icd-10,"Partial loss of teeth, unspecified cause, class II",3,3
condition,C4A.4,http://hl7.org/fhir/sid/icd-10,Merkel cell carcinoma of scalp and neck,3,3
procedure,D6783,http://www.ada.org/cdt,retainer crown  3/4 porcelain/ceramic,3,3
condition,K08.111,http://hl7.org/fhir/sid/icd-10,"Complete loss of teeth due to trauma, class I",3,3
procedure,232965003,http://snomed.info/sct,Implantation of cardiac ventricular assist device (procedure),3,3
condition,D18.09,http://hl7.org/fhir/sid/icd-10,Hemangioma of other sites,3,3
procedure,D3450,http://www.ada.org/cdt,root amputation - per root,3,3
procedure,D5510,http://www.ada.org/cdt,D5510,3,3
medication_request,859749,http://www.nlm.nih.gov/research/umls/rxnorm,rosuvastatin calcium 10 MG Oral Tablet [Crestor],3,3
condition,D36.7,http://hl7.org/fhir/sid/icd-10,Benign neoplasm of other specified sites,3,3
procedure,D6081,http://www.ada.org/cdt,"scaling and debridement in the presence of inflammation or mucositis of a single implant, including cleaning of the implant surfaces, without flap entry and closure",3,3
observation,600-7,http://loinc.org,Bacteria identified in Blood by Culture,3,3
procedure,233174007,http://snomed.info/sct,Cardiac pacemaker procedure (procedure),3,3
condition,C90.0,http://hl7.org/fhir/sid/icd-10,Multiple myeloma,3,3
condition,C49.9,http://hl7.org/fhir/sid/icd-10,"Malignant neoplasm of connective and soft tissue, unspecified",3,3
condition,C19,http://hl7.org/fhir/sid/icd-10,Malignant neoplasm of rectosigmoid junction,3,3
condition,S02.412A,http://hl7.org/fhir/sid/icd-10,"LeFort II fracture, initial encounter for closed fracture",3,3
medication_request,896023,http://www.nlm.nih.gov/research/umls/rxnorm,60 ACTUAT fluticasone propionate 0.1 MG/ACTUAT Dry Powder Inhaler [Flovent],34,3
condition,M26.613,http://hl7.org/fhir/sid/icd-10,Adhesions and ankylosis of bilateral temporomandibular joint,2,2
condition,C45.9,http://hl7.org/fhir/sid/icd-10,"Mesothelioma, unspecified",2,2
condition,K08.56,http://hl7.org/fhir/sid/icd-10,Poor aesthetic of existing restoration of tooth,2,2
condition,715285004,http://snomed.info/sct,Localised slight chronic periodontitis,2,2
condition,C44.01,http://hl7.org/fhir/sid/icd-10,Basal cell carcinoma of skin of lip,2,2
condition,S02.670A,http://hl7.org/fhir/sid/icd-10,"Fracture of alveolus of mandible, unspecified side, initial encounter for closed fracture",2,2
condition,C00.9,http://hl7.org/fhir/sid/icd-10,"Malignant neoplasm of lip, unspecified",2,2
condition,M26.82,http://hl7.org/fhir/sid/icd-10,Posterior soft tissue impingement,2,2
condition,C91.00,http://hl7.org/fhir/sid/icd-10,Acute lymphoblastic leukemia not having achieved remission,2,2
condition,C82.11,http://hl7.org/fhir/sid/icd-10,"Follicular lymphoma grade II, lymph nodes of head, face, and neck",2,2
condition,C67.5,http://hl7.org/fhir/sid/icd-10,Malignant neoplasm of bladder neck,2,2
condition,D00.02,http://hl7.org/fhir/sid/icd-10,Carcinoma in situ of buccal mucosa,2,2
condition,S02.601A,http://hl7.org/fhir/sid/icd-10,"Fracture of unspecified part of body of right mandible, initial encounter for closed fracture",2,2
condition,S02.42XB,http://hl7.org/fhir/sid/icd-10,"Fracture of alveolus of maxilla, initial encounter for open fracture",2,2
condition,K08.191,http://hl7.org/fhir/sid/icd-10,"Complete loss of teeth due to other specified cause, class I",2,2
condition,M26.74,http://hl7.org/fhir/sid/icd-10,Alveolar mandibular hypoplasia,2,2
condition,S02.652B,http://hl7.org/fhir/sid/icd-10,"Fracture of angle of left mandible, initial encounter for open fracture",2,2
condition,S02.5,http://hl7.org/fhir/sid/icd-10,Fracture of tooth (traumatic),2,2
condition,K06.022,http://hl7.org/fhir/sid/icd-10,"Generalized gingival recession, moderate",2,2
condition,S02.40AA,http://hl7.org/fhir/sid/icd-10,"Malar fracture, right side, initial encounter for closed fracture",2,2
condition,Z51.81,http://hl7.org/fhir/sid/icd-10,Encounter for therapeutic drug level monitoring,2,2
condition,C95.90,http://hl7.org/fhir/sid/icd-10,"Leukemia, unspecified not having achieved remission",2,2
condition,S02.411B,http://hl7.org/fhir/sid/icd-10,"LeFort I fracture, initial encounter for open fracture",2,2
condition,K11.8,http://hl7.org/fhir/sid/icd-10,Other diseases of salivary glands,2,2
condition,225444004,http://snomed.info/sct,At increased risk for suicide (finding),2,2
condition,M26.57,http://hl7.org/fhir/sid/icd-10,Lack of posterior occlusal support,2,2
condition,47222000,http://snomed.info/sct,Abrasion of tooth,2,2
condition,C34.31,http://hl7.org/fhir/sid/icd-10,"Malignant neoplasm of lower lobe, right bronchus or lung",2,2
condition,M26.03,http://hl7.org/fhir/sid/icd-10,Mandibular hyperplasia,2,2
condition,C11.2,http://hl7.org/fhir/sid/icd-10,Malignant neoplasm of lateral wall of nasopharynx,2,2
condition,C18.2,http://hl7.org/fhir/sid/icd-10,Malignant neoplasm of ascending colon,2,2
condition,47318007,http://snomed.info/sct,Drug-induced neutropenia (disorder),2,2
condition,K06.020,http://hl7.org/fhir/sid/icd-10,"Generalized gingival recession, unspecified",2,2
condition,C92.91,http://hl7.org/fhir/sid/icd-10,"Myeloid leukemia, unspecified in remission",2,2
condition,K08.194,http://hl7.org/fhir/sid/icd-10,"Complete loss of teeth due to other specified cause, class IV",2,2
condition,K08.113,http://hl7.org/fhir/sid/icd-10,"Complete loss of teeth due to trauma, class III",2,2
condition,C34.0,http://hl7.org/fhir/sid/icd-10,Malignant neoplasm of main bronchus,2,2
condition,371136004,http://snomed.info/sct,Disorder of tooth development,2,2
condition,D10.4,http://hl7.org/fhir/sid/icd-10,Benign neoplasm of tonsil,2,2
condition,D18.00,http://hl7.org/fhir/sid/icd-10,Hemangioma unspecified site,2,2
condition,S02.40DA,http://hl7.org/fhir/sid/icd-10,"Maxillary fracture, left side, initial encounter for closed fracture",2,2
condition,D49.0,http://hl7.org/fhir/sid/icd-10,Neoplasm of unspecified behavior of digestive system,2,2
condition,M26.9,http://hl7.org/fhir/sid/icd-10,"Dentofacial anomaly, unspecified",2,2
condition,C50.212,http://hl7.org/fhir/sid/icd-10,Malignant neoplasm of upper-inner quadrant of left female breast,2,2
condition,M26.619,http://hl7.org/fhir/sid/icd-10,"Adhesions and ankylosis of temporomandibular joint, unspecified side",2,2
condition,M26.25,http://hl7.org/fhir/sid/icd-10,Anomalies of interarch distance,2,2
condition,K08.124,http://hl7.org/fhir/sid/icd-10,"Complete loss of teeth due to periodontal diseases, class IV",2,2
medication_request,854901,http://www.nlm.nih.gov/research/umls/rxnorm,bisoprolol fumarate 10 MG Oral Tablet,2,2
medication_request,1536148,http://www.nlm.nih.gov/research/umls/rxnorm,120 ACTUAT mometasone furoate 0.2 MG/ACTUAT Metered Dose Inhaler [Asmanex],33,2
medication_request,856569,http://www.nlm.nih.gov/research/umls/rxnorm,24 HR propranolol hydrochloride 80 MG Extended Release Oral Capsule,2,2
medication_request,854908,http://www.nlm.nih.gov/research/umls/rxnorm,bisoprolol fumarate 10 MG / hydrochlorothiazide 6.25 MG Oral Tablet,2,2
encounter,183646003,http://snomed.info/sct,Postoperative visit (finding),2,2
encounter,40274000,http://snomed.info/sct,General outpatient clinic admission (procedure),4,2
procedure,D6920,http://www.ada.org/cdt,connector bar,2,2
procedure,173521004,http://snomed.info/sct,Transposition of submandibular duct (procedure),2,2
procedure,D2941,http://www.ada.org/cdt,interim therapeutic restoration  primary dentition,2,2
procedure,D0412,http://www.ada.org/cdt,blood glucose level test - in-office using a glucose meter,2,2
procedure,D2980,http://www.ada.org/cdt,crown repair necessitated by restorative material failure,2,2
procedure,D8693,http://www.ada.org/cdt,D8693,2,2
procedure,D3950,http://www.ada.org/cdt,canal preparation and fitting of preformed dowel or post,2,2
procedure,D5761,http://www.ada.org/cdt,reline mandibular partial denture (indirect),2,2
procedure,D7943,http://www.ada.org/cdt,osteotomy - mandibular rami with bone graft; includes obtaining the graft,2,2
procedure,48387007,http://snomed.info/sct,Incision of trachea (procedure),3,2
procedure,D6090,http://www.ada.org/cdt,"repair implant supported prosthesis, by report",2,2
procedure,D9974,http://www.ada.org/cdt,internal bleaching  per tooth,2,2
procedure,D6040,http://www.ada.org/cdt,surgical placement: eposteal implant,2,2
procedure,D6092,http://www.ada.org/cdt,re-cement or re-bond implant/abutment supported crown,2,2
procedure,D9995,http://www.ada.org/cdt,teledentistry - synchronous; real-time encounter,2,2
procedure,D5936,http://www.ada.org/cdt,"obturator prosthesis, interim",2,2
procedure,444260001,http://snomed.info/sct,Screen for 20 common genetic mutations of cystic fibrosis using amplification refractory mutation system polymerase chain reaction assay technique (procedure),2,2
procedure,D2983,http://www.ada.org/cdt,veneer repair necessitated by restorative material failure,2,2
procedure,D5951,http://www.ada.org/cdt,feeding aid,2,2
procedure,D5226,http://www.ada.org/cdt,"mandibular partial denture - flexible base (including retentive/clasping materials, rests, and teeth)",2,2
procedure,D2780,http://www.ada.org/cdt,crown - 3/4 cast high noble metal,2,2
procedure,D2915,http://www.ada.org/cdt,re-cement or re-bond indirectly fabricated or prefabricated post and core,2,2
procedure,D9911,http://www.ada.org/cdt,"application of desensitizing resin for cervical and/or root surface, per tooth",2,2
procedure,D9970,http://www.ada.org/cdt,enamel microabrasion,2,2
procedure,D0425,http://www.ada.org/cdt,caries susceptibility tests,2,2
procedure,D2620,http://www.ada.org/cdt,inlay - porcelain/ceramic - two surfaces,2,2
procedure,D6191,http://www.ada.org/cdt,semi-precision abutment - placement,2,2
procedure,D2610,http://www.ada.org/cdt,inlay - porcelain/ceramic - one surface,2,2
procedure,281790008,http://snomed.info/sct,Intravenous antibiotic therapy (procedure),3,2
condition,C85.91,http://hl7.org/fhir/sid/icd-10,"Non-Hodgkin lymphoma, unspecified, lymph nodes of head, face, and neck",2,2
condition,D16.9,http://hl7.org/fhir/sid/icd-10,"Benign neoplasm of bone and articular cartilage, unspecified",2,2
condition,K05.319,http://hl7.org/fhir/sid/icd-10,"Chronic periodontitis, localized, unspecified severity",2,2
condition,M26.50,http://hl7.org/fhir/sid/icd-10,"Dentofacial functional abnormalities, unspecified",2,2
condition,C40-C41,http://hl7.org/fhir/sid/icd-10,Malignant neoplasms of bone and articular cartilage (C40-C41),2,2
condition,M26.212,http://hl7.org/fhir/sid/icd-10,"Malocclusion, Angle's class II",2,2
condition,D10.9,http://hl7.org/fhir/sid/icd-10,"Benign neoplasm of pharynx, unspecified",2,2
condition,K12.32,http://hl7.org/fhir/sid/icd-10,Oral mucositis (ulcerative) due to other drugs,2,2
condition,C83.18,http://hl7.org/fhir/sid/icd-10,"Mantle cell lymphoma, lymph nodes of multiple sites",2,2
medication_request,1656346,http://www.nlm.nih.gov/research/umls/rxnorm,sacubitril 24 MG / valsartan 26 MG Oral Tablet [Entresto],2,2
condition,K05.223,http://hl7.org/fhir/sid/icd-10,"Aggressive periodontitis, generalized, severe",2,2
medication_request,856556,http://www.nlm.nih.gov/research/umls/rxnorm,propranolol hydrochloride 60 MG Oral Tablet,2,2
condition,K08.193,http://hl7.org/fhir/sid/icd-10,"Complete loss of teeth due to other specified cause, class III",2,2
condition,K11.21,http://hl7.org/fhir/sid/icd-10,Acute sialoadenitis,2,2
medication_request,896006,http://www.nlm.nih.gov/research/umls/rxnorm,120 ACTUAT fluticasone propionate 0.22 MG/ACTUAT Metered Dose Inhaler [Flovent],21,2
medication_request,352001,http://www.nlm.nih.gov/research/umls/rxnorm,valsartan 320 MG Oral Tablet [Diovan],2,2
medication_request,896758,http://www.nlm.nih.gov/research/umls/rxnorm,labetalol hydrochloride 100 MG Oral Tablet,2,2
condition,298382003,http://snomed.info/sct,Scoliosis deformity of spine (disorder),2,2
condition,715859008,http://snomed.info/sct,Localised moderate aggressive periodontitis,2,2
condition,M26.35,http://hl7.org/fhir/sid/icd-10,Rotation of fully erupted tooth or teeth,2,2
procedure,D6062,http://www.ada.org/cdt,abutment supported cast metal crown (high noble metal),2,2
procedure,D9942,http://www.ada.org/cdt,repair and/or reline of occlusal guard,2,2
medication_request,898372,http://www.nlm.nih.gov/research/umls/rxnorm,benazepril hydrochloride 20 MG / hydrochlorothiazide 25 MG Oral Tablet,2,2
procedure,D2970,http://www.ada.org/cdt,D2970,2,2
procedure,D9943,http://www.ada.org/cdt,occlusal guard adjustment,2,2
medication_request,859753,http://www.nlm.nih.gov/research/umls/rxnorm,rosuvastatin calcium 20 MG Oral Tablet [Crestor],2,2
procedure,D6720,http://www.ada.org/cdt,retainer crown - resin with high noble metal,2,2
medication_request,200284,http://www.nlm.nih.gov/research/umls/rxnorm,hydrochlorothiazide 12.5 MG / valsartan 80 MG Oral Tablet,2,2
medication_request,861646,http://www.nlm.nih.gov/research/umls/rxnorm,pitavastatin calcium 1 MG Oral Tablet [Livalo],2,2
procedure,D0369,http://www.ada.org/cdt,maxillofacial MRI capture and interpretation,2,2
procedure,D0418,http://www.ada.org/cdt,analysis of saliva sample,2,2
condition,C16.9,http://hl7.org/fhir/sid/icd-10,"Malignant neoplasm of stomach, unspecified",2,2
condition,M26.213,http://hl7.org/fhir/sid/icd-10,"Malocclusion, Angle's class III",2,2
condition,M27.1,http://hl7.org/fhir/sid/icd-10,"Giant cell granuloma, central",2,2
medication_request,898346,http://www.nlm.nih.gov/research/umls/rxnorm,amlodipine 10 MG / benazepril hydrochloride 40 MG Oral Capsule,2,2
procedure,D7720,http://www.ada.org/cdt,maxilla - closed reduction,2,2
condition,C91.Z1,http://hl7.org/fhir/sid/icd-10,"Other lymphoid leukemia, in remission",2,2
procedure,14152002,http://snomed.info/sct,Intravenous infusion (procedure),3,2
condition,C79.81,http://hl7.org/fhir/sid/icd-10,Secondary malignant neoplasm of breast,2,2
procedure,D5985,http://www.ada.org/cdt,radiation cone locator,2,2
procedure,D5223,http://www.ada.org/cdt,"immediate maxillary partial denture - cast metal framework with resin denture bases (including retentive/clasping materials, rests and teeth)",2,2
procedure,D9941,http://www.ada.org/cdt,fabrication of athletic mouthguard,2,2
condition,373587001,http://snomed.info/sct,Chiari malformation type II (disorder),2,2
procedure,D6721,http://www.ada.org/cdt,retainer crown - resin with predominantly base metal,2,2
condition,S02.42XD,http://hl7.org/fhir/sid/icd-10,"Fracture of alveolus of maxilla, subsequent encounter for fracture with routine healing",2,2
procedure,D4323,http://www.ada.org/cdt,splint - extra-coronal; natural teeth or prosthetic crowns,2,2
procedure,D5620,http://www.ada.org/cdt,D5620,2,2
procedure,D9947,http://www.ada.org/cdt,custom sleep apnea appliance fabrication and placement,2,2
procedure,D3346,http://www.ada.org/cdt,retreatment of previous root canal therapy - anterior,2,2
condition,K08.491,http://hl7.org/fhir/sid/icd-10,"Partial loss of teeth due to other specified cause, class I",2,2
procedure,D5875,http://www.ada.org/cdt,modification of removable prosthesis following implant surgery,2,2
procedure,65710008,http://snomed.info/sct,Acute respiratory failure (disorder),3,2
medication_request,905269,http://www.nlm.nih.gov/research/umls/rxnorm,Trihexyphenidyl Hydrochloride 2 MG Oral Tablet,2,2
procedure,86964003,http://snomed.info/sct,Cystic fibrosis sweat test (procedure),2,2
condition,S02.622A,http://hl7.org/fhir/sid/icd-10,"Fracture of subcondylar process of left mandible, initial encounter for closed fracture",2,2
medication_request,896019,http://www.nlm.nih.gov/research/umls/rxnorm,60 ACTUAT fluticasone propionate 0.05 MG/ACTUAT Dry Powder Inhaler [Flovent],25,2
procedure,D6117,http://www.ada.org/cdt,implant /abutment supported fixed denture for partially edentulous arch - mandibular,2,2
condition,K08.123,http://hl7.org/fhir/sid/icd-10,"Complete loss of teeth due to periodontal diseases, class III",2,2
procedure,D9311,http://www.ada.org/cdt,consultation with a medical health care professional,2,2
medication_request,861204,http://www.nlm.nih.gov/research/umls/rxnorm,brimonidine tartrate 1 MG/ML Ophthalmic Solution,2,2
condition,D23.9,http://hl7.org/fhir/sid/icd-10,"Other benign neoplasm of skin, unspecified",2,2
condition,C92.01,http://hl7.org/fhir/sid/icd-10,"Acute myeloblastic leukemia, in remission",2,2
procedure,D7956,http://www.ada.org/cdt,"guided tissue regeneration, edentulous area - resorbable barrier, per site",2,2
condition,M26.72,http://hl7.org/fhir/sid/icd-10,Alveolar mandibular hyperplasia,2,2
procedure,D7296,http://www.ada.org/cdt,"corticotomy - one to three teeth or tooth spaces, per quadrant",2,2
condition,C34.92,http://hl7.org/fhir/sid/icd-10,Malignant neoplasm of unspecified part of left bronchus or lung,2,2
observation,62337-1,http://loinc.org,PROMIS item bank - 29 profile,4,2
medication_request,861650,http://www.nlm.nih.gov/research/umls/rxnorm,pitavastatin calcium 2 MG Oral Tablet [Livalo],2,2
procedure,D7340,http://www.ada.org/cdt,vestibuloplasty - ridge extension (secondary epithelialization),2,2
procedure,404909007,http://snomed.info/sct,Injection of botulinum toxin (procedure),4,2
procedure,D3240,http://www.ada.org/cdt,"pulpal therapy (resorbable filling) - posterior, primary tooth (excluding final restoration)",2,2
procedure,D0322,http://www.ada.org/cdt,tomographic survey,2,2
medication_request,597730,http://www.nlm.nih.gov/research/umls/rxnorm,lopinavir 200 MG / ritonavir 50 MG Oral Tablet,16,2
procedure,D9410,http://www.ada.org/cdt,house/extended care facility call,2,2
procedure,D3332,http://www.ada.org/cdt,"incomplete endodontic therapy; inoperable, unrestorable or fractured tooth",2,2
procedure,D6545,http://www.ada.org/cdt,retainer  cast metal for resin bonded fixed prosthesis,2,2
condition,C13.0,http://hl7.org/fhir/sid/icd-10,Malignant neoplasm of postcricoid region,2,2
procedure,D3470,http://www.ada.org/cdt,intentional re-implantation (including necessary splinting),2,2
condition,C64.9,http://hl7.org/fhir/sid/icd-10,"Malignant neoplasm of unspecified kidney, except renal pelvis",2,2
condition,K08.103,http://hl7.org/fhir/sid/icd-10,"Complete loss of teeth, unspecified cause, class III",2,2
procedure,D7972,http://www.ada.org/cdt,surgical reduction of fibrous tuberosity,2,2
condition,K06.9,http://hl7.org/fhir/sid/icd-10,"Disorder of gingiva and edentulous alveolar ridge, unspecified",2,2
condition,K08.112,http://hl7.org/fhir/sid/icd-10,"Complete loss of teeth due to trauma, class II",2,2
procedure,D5671,http://www.ada.org/cdt,replace all teeth and acrylic on cast metal framework (mandibular),2,2
procedure,D5934,http://www.ada.org/cdt,mandibular resection prosthesis with guide flange,2,2
procedure,D7293,http://www.ada.org/cdt,placement of temporary anchorage device requiring flap,2,2
condition,D36.11,http://hl7.org/fhir/sid/icd-10,"Benign neoplasm of peripheral nerves and autonomic nervous system of face, head, and neck",1,1
condition,K05.222,http://hl7.org/fhir/sid/icd-10,"Aggressive periodontitis, generalized, moderate",1,1
condition,K08.494,http://hl7.org/fhir/sid/icd-10,"Partial loss of teeth due to other specified cause, class IV",1,1
condition,C22.8,http://hl7.org/fhir/sid/icd-10,"Malignant neoplasm of liver, primary, unspecified as to type",1,1
condition,S02.40FD,http://hl7.org/fhir/sid/icd-10,"Zygomatic fracture, left side, subsequent encounter for fracture with routine healing",1,1
condition,K08.40,http://hl7.org/fhir/sid/icd-10,"Partial loss of teeth, unspecified cause",1,1
condition,S02.651A,http://hl7.org/fhir/sid/icd-10,"Fracture of angle of right mandible, initial encounter for closed fracture",1,1
condition,S02.69XA,http://hl7.org/fhir/sid/icd-10,"Fracture of mandible of other specified site, initial encounter for closed fracture",1,1
condition,C85.90,http://hl7.org/fhir/sid/icd-10,"Non-Hodgkin lymphoma, unspecified, unspecified site",1,1
condition,C44.99,http://hl7.org/fhir/sid/icd-10,"Other specified malignant neoplasm of skin, unspecified",1,1
condition,C34.01,http://hl7.org/fhir/sid/icd-10,Malignant neoplasm of right main bronchus,1,1
condition,D04.4,http://hl7.org/fhir/sid/icd-10,Carcinoma in situ of skin of scalp and neck,1,1
condition,D48.7,http://hl7.org/fhir/sid/icd-10,Neoplasm of uncertain behavior of other specified sites,1,1
condition,C83.00,http://hl7.org/fhir/sid/icd-10,"Small cell B-cell lymphoma, unspecified site",1,1
condition,M26.73,http://hl7.org/fhir/sid/icd-10,Alveolar maxillary hypoplasia,1,1
condition,Z01.31,http://hl7.org/fhir/sid/icd-10,Encounter for examination of blood pressure with abnormal findings,1,1
condition,K05.3,http://hl7.org/fhir/sid/icd-10,Chronic periodontitis,1,1
condition,C76.8,http://hl7.org/fhir/sid/icd-10,Malignant neoplasm of other specified ill-defined sites,1,1
condition,S02.31XA,http://hl7.org/fhir/sid/icd-10,"Fracture of orbital floor, right side, initial encounter for closed fracture",1,1
condition,S02.32XA,http://hl7.org/fhir/sid/icd-10,"Fracture of orbital floor, left side, initial encounter for closed fracture",1,1
condition,C44.91,http://hl7.org/fhir/sid/icd-10,"Basal cell carcinoma of skin, unspecified",1,1
condition,Z13.820,http://hl7.org/fhir/sid/icd-10,Encounter for screening for osteoporosis,1,1
condition,C92.A0,http://hl7.org/fhir/sid/icd-10,"Acute myeloid leukemia with multilineage dysplasia, not having achieved remission",1,1
condition,M26.56,http://hl7.org/fhir/sid/icd-10,Non-working side interference,1,1
condition,D17.0,http://hl7.org/fhir/sid/icd-10,"Benign lipomatous neoplasm of skin and subcutaneous tissue of head, face and neck",1,1
condition,C71.3,http://hl7.org/fhir/sid/icd-10,Malignant neoplasm of parietal lobe,1,1
condition,Z01.419,http://hl7.org/fhir/sid/icd-10,Encounter for gynecological examination (general) (routine) without abnormal findings,1,1
condition,S02.2XXB,http://hl7.org/fhir/sid/icd-10,"Fracture of nasal bones, initial encounter for open fracture",1,1
condition,S02.412B,http://hl7.org/fhir/sid/icd-10,"LeFort II fracture, initial encounter for open fracture",1,1
condition,M26.211,http://hl7.org/fhir/sid/icd-10,"Malocclusion, Angle's class I",1,1
condition,D35.1,http://hl7.org/fhir/sid/icd-10,Benign neoplasm of parathyroid gland,1,1
condition,448417001,http://snomed.info/sct,Sepsis caused by Staphylococcus aureus (disorder),1,1
condition,M26.71,http://hl7.org/fhir/sid/icd-10,Alveolar maxillary hyperplasia,1,1
condition,D07.1,http://hl7.org/fhir/sid/icd-10,Carcinoma in situ of vulva,1,1
condition,Z01.89,http://hl7.org/fhir/sid/icd-10,Encounter for other specified special examinations,1,1
condition,C67.0,http://hl7.org/fhir/sid/icd-10,Malignant neoplasm of trigone of bladder,1,1
condition,S02.600S,http://hl7.org/fhir/sid/icd-10,"Fracture of unspecified part of body of mandible, unspecified side, sequela",1,1
condition,Z13.39,http://hl7.org/fhir/sid/icd-10,Encounter for screening examination for other mental health and behavioral disorders,1,1
condition,K08.4,http://hl7.org/fhir/sid/icd-10,Partial loss of teeth,1,1
condition,S02.670B,http://hl7.org/fhir/sid/icd-10,"Fracture of alveolus of mandible, unspecified side, initial encounter for open fracture",1,1
condition,K08.414,http://hl7.org/fhir/sid/icd-10,"Partial loss of teeth due to trauma, class IV",1,1
condition,K08.10,http://hl7.org/fhir/sid/icd-10,"Complete loss of teeth, unspecified cause",1,1
condition,S02.612D,http://hl7.org/fhir/sid/icd-10,"Fracture of condylar process of left mandible, subsequent encounter for fracture with routine healing",1,1
condition,D21.9,http://hl7.org/fhir/sid/icd-10,"Benign neoplasm of connective and other soft tissue, unspecified",1,1
condition,M26.6,http://hl7.org/fhir/sid/icd-10,Temporomandibular joint disorders,1,1
condition,K08.132,http://hl7.org/fhir/sid/icd-10,"Complete loss of teeth due to caries, class II",1,1
condition,D23.71,http://hl7.org/fhir/sid/icd-10,"Other benign neoplasm of skin of right lower limb, including hip",1,1
condition,C49.22,http://hl7.org/fhir/sid/icd-10,"Malignant neoplasm of connective and soft tissue of left lower limb, including hip",1,1
condition,K04.01,http://hl7.org/fhir/sid/icd-10,Reversible pulpitis,1,1
condition,171131006,http://snomed.info/sct,Meningocele (disorder),1,1
condition,S02.651K,http://hl7.org/fhir/sid/icd-10,"Fracture of angle of right mandible, subsequent encounter for fracture with nonunion",1,1
condition,C84.61,http://hl7.org/fhir/sid/icd-10,"Anaplastic large cell lymphoma, ALK-positive, lymph nodes of head, face, and neck",1,1
condition,C37,http://hl7.org/fhir/sid/icd-10,Malignant neoplasm of thymus,1,1
condition,76916001,http://snomed.info/sct,Spina bifida occulta (disorder),1,1
condition,S02.40FB,http://hl7.org/fhir/sid/icd-10,"Zygomatic fracture, left side, initial encounter for open fracture",1,1
condition,406602003,http://snomed.info/sct,Infection caused by Staphylococcus aureus (disorder),1,1
condition,K13.23,http://hl7.org/fhir/sid/icd-10,Excessive keratinized residual ridge mucosa,1,1
condition,C40.22,http://hl7.org/fhir/sid/icd-10,Malignant neoplasm of long bones of left lower limb,1,1
condition,C25.9,http://hl7.org/fhir/sid/icd-10,"Malignant neoplasm of pancreas, unspecified",1,1
condition,M26.11,http://hl7.org/fhir/sid/icd-10,Maxillary asymmetry,1,1
condition,715287007,http://snomed.info/sct,Localised severe chronic periodontitis,1,1
condition,Z41.9,http://hl7.org/fhir/sid/icd-10,"Encounter for procedure for purposes other than remedying health state, unspecified",1,1
condition,D17.79,http://hl7.org/fhir/sid/icd-10,Benign lipomatous neoplasm of other sites,1,1
condition,D09.9,http://hl7.org/fhir/sid/icd-10,"Carcinoma in situ, unspecified",1,1
condition,M26.642,http://hl7.org/fhir/sid/icd-10,Arthritis of left temporomandibular joint,1,1
condition,S02.600G,http://hl7.org/fhir/sid/icd-10,"Fracture of unspecified part of body of mandible, unspecified side, subsequent encounter for fracture with delayed healing",1,1
condition,M26.06,http://hl7.org/fhir/sid/icd-10,Microgenia,1,1
condition,C44.201,http://hl7.org/fhir/sid/icd-10,Unspecified malignant neoplasm of skin of unspecified ear and external auricular canal,1,1
condition,K05.211,http://hl7.org/fhir/sid/icd-10,"Aggressive periodontitis, localized, slight",1,1
condition,K12.39,http://hl7.org/fhir/sid/icd-10,Other oral mucositis (ulcerative),1,1
condition,267064002,http://snomed.info/sct,Retention of urine (disorder),1,1
condition,K08.423,http://hl7.org/fhir/sid/icd-10,"Partial loss of teeth due to periodontal diseases, class III",1,1
condition,C85.11,http://hl7.org/fhir/sid/icd-10,"Unspecified B-cell lymphoma, lymph nodes of head, face, and neck",1,1
condition,C53.0,http://hl7.org/fhir/sid/icd-10,Malignant neoplasm of endocervix,1,1
condition,D12.6,http://hl7.org/fhir/sid/icd-10,"Benign neoplasm of colon, unspecified",1,1
condition,S02.413A,http://hl7.org/fhir/sid/icd-10,"LeFort III fracture, initial encounter for closed fracture",1,1
condition,C24.0,http://hl7.org/fhir/sid/icd-10,Malignant neoplasm of extrahepatic bile duct,1,1
condition,S02.602B,http://hl7.org/fhir/sid/icd-10,"Fracture of unspecified part of body of left mandible, initial encounter for open fracture",1,1
condition,K08.493,http://hl7.org/fhir/sid/icd-10,"Partial loss of teeth due to other specified cause, class III",1,1
condition,K13.3,http://hl7.org/fhir/sid/icd-10,Hairy leukoplakia,1,1
condition,D22.12,http://hl7.org/fhir/sid/icd-10,"Melanocytic nevi of left eyelid, including canthus",1,1
condition,C83.10,http://hl7.org/fhir/sid/icd-10,"Mantle cell lymphoma, unspecified site",1,1
condition,C25.2,http://hl7.org/fhir/sid/icd-10,Malignant neoplasm of tail of pancreas,1,1
condition,K08.1,http://hl7.org/fhir/sid/icd-10,Complete loss of teeth,1,1
condition,11218009,http://snomed.info/sct,Infection caused by Pseudomonas aeruginosa (disorder),1,1
condition,C64.2,http://hl7.org/fhir/sid/icd-10,"Malignant neoplasm of left kidney, except renal pelvis",1,1
condition,698423002,http://snomed.info/sct,History of disarticulation at wrist (situation),1,1
condition,S02.652D,http://hl7.org/fhir/sid/icd-10,"Fracture of angle of left mandible, subsequent encounter for fracture with routine healing",1,1
condition,Z13.5,http://hl7.org/fhir/sid/icd-10,Encounter for screening for eye and ear disorders,1,1
condition,K08.81,http://hl7.org/fhir/sid/icd-10,Primary occlusal trauma,1,1
condition,C4A.9,http://hl7.org/fhir/sid/icd-10,"Merkel cell carcinoma, unspecified",1,1
condition,C69.62,http://hl7.org/fhir/sid/icd-10,Malignant neoplasm of left orbit,1,1
condition,C49.4,http://hl7.org/fhir/sid/icd-10,Malignant neoplasm of connective and soft tissue of abdomen,1,1
condition,C92.02,http://hl7.org/fhir/sid/icd-10,"Acute myeloblastic leukemia, in relapse",1,1
condition,M26.31,http://hl7.org/fhir/sid/icd-10,Crowding of fully erupted teeth,1,1
condition,C79.49,http://hl7.org/fhir/sid/icd-10,Secondary malignant neoplasm of other parts of nervous system,1,1
condition,C47.9,http://hl7.org/fhir/sid/icd-10,"Malignant neoplasm of peripheral nerves and autonomic nervous system, unspecified",1,1
condition,129721000119106,http://snomed.info/sct,Acute renal failure on dialysis (disorder),1,1
condition,C92.Z1,http://hl7.org/fhir/sid/icd-10,"Other myeloid leukemia, in remission",1,1
condition,S02.600B,http://hl7.org/fhir/sid/icd-10,"Fracture of unspecified part of body of mandible, unspecified side, initial encounter for open fracture",1,1
condition,K08.41,http://hl7.org/fhir/sid/icd-10,Partial loss of teeth due to trauma,1,1
condition,S02.602K,http://hl7.org/fhir/sid/icd-10,"Fracture of unspecified part of body of left mandible, subsequent encounter for fracture with nonunion",1,1
condition,D3A.00,http://hl7.org/fhir/sid/icd-10,Benign carcinoid tumor of unspecified site,1,1
condition,C43.2,http://hl7.org/fhir/sid/icd-10,Malignant melanoma of ear and external auricular canal,1,1
condition,K05.229,http://hl7.org/fhir/sid/icd-10,"Aggressive periodontitis, generalized, unspecified severity",1,1
condition,C66.2,http://hl7.org/fhir/sid/icd-10,Malignant neoplasm of left ureter,1,1
medication_request,282755,http://www.nlm.nih.gov/research/umls/rxnorm,telmisartan 20 MG Oral Tablet,1,1
medication_request,860518,http://www.nlm.nih.gov/research/umls/rxnorm,24 HR carvedilol phosphate 20 MG Extended Release Oral Capsule [Coreg],1,1
medication_request,1923432,http://www.nlm.nih.gov/research/umls/rxnorm,dorzolamide 20 MG/ML / timolol 5 MG/ML Ophthalmic Solution,1,1
medication_request,200082,http://www.nlm.nih.gov/research/umls/rxnorm,lamivudine 150 MG / zidovudine 300 MG Oral Tablet,2,1
medication_request,198334,http://www.nlm.nih.gov/research/umls/rxnorm,sulfamethoxazole 400 MG / trimethoprim 80 MG Oral Tablet,2,1
medication_request,898362,http://www.nlm.nih.gov/research/umls/rxnorm,benazepril hydrochloride 10 MG / hydrochlorothiazide 12.5 MG Oral Tablet,1,1
medication_request,197862,http://www.nlm.nih.gov/research/umls/rxnorm,leucovorin 25 MG Oral Tablet,1,1
encounter,16602611000119108,http://snomed.info/sct,Awaiting transplantation of lung (situation),1,1
encounter,183801001,http://snomed.info/sct,Inpatient stay 3 days (finding),1,1
procedure,D7740,http://www.ada.org/cdt,mandible - closed reduction,1,1
procedure,D4230,http://www.ada.org/cdt,anatomical crown exposure - four or more contiguous teeth or tooth bounded spaces per quadrant,1,1
procedure,232657004,http://snomed.info/sct,Single lung transplant (procedure),1,1
procedure,D5863,http://www.ada.org/cdt,overdenture - complete maxillary,1,1
procedure,D7830,http://www.ada.org/cdt,manipulation under anesthesia,1,1
procedure,D0320,http://www.ada.org/cdt,"temporomandibular joint arthrogram, including injection",1,1
procedure,D9935,http://www.ada.org/cdt,"cleaning and inspection of removable partial denture, mandibular",1,1
procedure,D4231,http://www.ada.org/cdt,anatomical crown exposure  one to three teeth or tooth bounded spaces per quadrant,1,1
procedure,385488000,http://snomed.info/sct,Surgical procedure on chest wall (procedure),1,1
procedure,241645008,http://snomed.info/sct,Magnetic resonance imaging of spine (procedure),1,1
procedure,D0472,http://www.ada.org/cdt,"accession of tissue, gross examination, preparation and transmission of written report",1,1
procedure,D5954,http://www.ada.org/cdt,palatal augmentation prosthesis,1,1
procedure,D7540,http://www.ada.org/cdt,"removal of reaction producing foreign bodies, musculoskeletal system",1,1
procedure,D5511,http://www.ada.org/cdt,"repair broken complete denture base, mandibular",1,1
procedure,84728005,http://snomed.info/sct,Neurological examination (procedure),1,1
procedure,D0414,http://www.ada.org/cdt,"laboratory processing of microbial specimen to include culture and sensitivity studies, preparation and transmission of written report",1,1
procedure,16983000,http://snomed.info/sct,Death in hospital (event),1,1
procedure,D2910,http://www.ada.org/cdt,"re-cement or re-bond inlay, onlay, veneer or partial coverage restoration",1,1
procedure,D9932,http://www.ada.org/cdt,"cleaning and inspection of removable complete denture, maxillary",1,1
procedure,D9975,http://www.ada.org/cdt,"external bleaching for home application, per arch; includes materials and fabrication of custom trays",1,1
procedure,D6086,http://www.ada.org/cdt,implant supported crown - predominantly base alloys,1,1
procedure,D6113,http://www.ada.org/cdt,implant /abutment supported removable denture for partially edentulous arch - mandibular,1,1
procedure,D1555,http://www.ada.org/cdt,D1555,1,1
procedure,D1517,http://www.ada.org/cdt,"space maintainer - fixed - bilateral, mandibular",1,1
procedure,D7680,http://www.ada.org/cdt,facial bones - complicated reduction with fixation and multiple surgical approaches,1,1
procedure,D7415,http://www.ada.org/cdt,"excision of malignant lesion, complicated",1,1
procedure,166001,http://snomed.info/sct,Behavioral therapy (regime/therapy),1,1
procedure,D2971,http://www.ada.org/cdt,additional procedures to customize a crown to fit under an existing partial denture framework,1,1
procedure,13995008,http://snomed.info/sct,Amputation of arm through shoulder (procedure),1,1
procedure,D6075,http://www.ada.org/cdt,implant supported retainer for ceramic FPD,1,1
procedure,363215001,http://snomed.info/sct,Musculoskeletal system physical examination (procedure),1,1
procedure,311834001,http://snomed.info/sct,Fiberoptic endoscopic evaluation of swallowing (procedure),1,1
procedure,D6073,http://www.ada.org/cdt,abutment supported retainer for cast metal FPD predominantly base metal,1,1
condition,C25.0,http://hl7.org/fhir/sid/icd-10,Malignant neoplasm of head of pancreas,1,1
condition,S02.69XS,http://hl7.org/fhir/sid/icd-10,"Fracture of mandible of other specified site, sequela",1,1
condition,S02.602G,http://hl7.org/fhir/sid/icd-10,"Fracture of unspecified part of body of left mandible, subsequent encounter for fracture with delayed healing",1,1
condition,C44.399,http://hl7.org/fhir/sid/icd-10,Other specified malignant neoplasm of skin of other parts of face,1,1
condition,M26.53,http://hl7.org/fhir/sid/icd-10,Deviation in opening and closing of the mandible,1,1
condition,C50.41,http://hl7.org/fhir/sid/icd-10,"Malignant neoplasm of upper-outer quadrant of breast, female",1,1
condition,448813005,http://snomed.info/sct,Sepsis caused by Pseudomonas (disorder),1,1
condition,C86.4,http://hl7.org/fhir/sid/icd-10,Blastic NK-cell lymphoma,1,1
condition,C91.Z0,http://hl7.org/fhir/sid/icd-10,Other lymphoid leukemia not having achieved remission,1,1
condition,C79.2,http://hl7.org/fhir/sid/icd-10,Secondary malignant neoplasm of skin,1,1
condition,C78.01,http://hl7.org/fhir/sid/icd-10,Secondary malignant neoplasm of right lung,1,1
condition,S02.69XB,http://hl7.org/fhir/sid/icd-10,"Fracture of mandible of other specified site, initial encounter for open fracture",1,1
condition,S02.612A,http://hl7.org/fhir/sid/icd-10,"Fracture of condylar process of left mandible, initial encounter for closed fracture",1,1
condition,C91.90,http://hl7.org/fhir/sid/icd-10,"Lymphoid leukemia, unspecified not having achieved remission",1,1
condition,C88.4,http://hl7.org/fhir/sid/icd-10,Extranodal marginal zone B-cell lymphoma of mucosa-associated lymphoid tissue [MALT-lymphoma],1,1
condition,K08.122,http://hl7.org/fhir/sid/icd-10,"Complete loss of teeth due to periodontal diseases, class II",1,1
condition,5758002,http://snomed.info/sct,Bacteremia (finding),1,1
condition,S02.600D,http://hl7.org/fhir/sid/icd-10,"Fracture of unspecified part of body of mandible, unspecified side, subsequent encounter for fracture with routine healing",1,1
medication_request,966529,http://www.nlm.nih.gov/research/umls/rxnorm,60 ACTUAT budesonide 0.09 MG/ACTUAT Dry Powder Inhaler [Pulmicort],3,1
condition,196376007,http://snomed.info/sct,Gingival and edentulous alveolar ridge lesion due to trauma,1,1
condition,S02.42XS,http://hl7.org/fhir/sid/icd-10,"Fracture of alveolus of maxilla, sequela",1,1
medication_request,349491,http://www.nlm.nih.gov/research/umls/rxnorm,lamivudine 300 MG Oral Tablet,1,1
condition,C78.5,http://hl7.org/fhir/sid/icd-10,Secondary malignant neoplasm of large intestine and rectum,1,1
medication_request,198182,http://www.nlm.nih.gov/research/umls/rxnorm,pyrimethamine 25 MG Oral Tablet,1,1
condition,C82.90,http://hl7.org/fhir/sid/icd-10,"Follicular lymphoma, unspecified, unspecified site",1,1
condition,C53.9,http://hl7.org/fhir/sid/icd-10,"Malignant neoplasm of cervix uteri, unspecified",1,1
condition,D00.08,http://hl7.org/fhir/sid/icd-10,Carcinoma in situ of pharynx,1,1
condition,C7A.1,http://hl7.org/fhir/sid/icd-10,Malignant poorly differentiated neuroendocrine tumors,1,1
medication_request,845488,http://www.nlm.nih.gov/research/umls/rxnorm,ramipril 1.25 MG Oral Capsule,1,1
condition,M26.611,http://hl7.org/fhir/sid/icd-10,Adhesions and ankylosis of right temporomandibular joint,1,1
medication_request,1747691,http://www.nlm.nih.gov/research/umls/rxnorm,emtricitabine 200 MG / tenofovir alafenamide 25 MG Oral Tablet,11,1
medication_request,252559,http://www.nlm.nih.gov/research/umls/rxnorm,budesonide 0.5 MG/ML Inhalation Suspension,10,1
condition,Z01.411,http://hl7.org/fhir/sid/icd-10,Encounter for gynecological examination (general) (routine) with abnormal findings,1,1
medication_request,904477,http://www.nlm.nih.gov/research/umls/rxnorm,pravastatin sodium 40 MG Oral Tablet [Pravachol],1,1
condition,Z40.09,http://hl7.org/fhir/sid/icd-10,Encounter for prophylactic removal of other organ,1,1
medication_request,636042,http://www.nlm.nih.gov/research/umls/rxnorm,hydrochlorothiazide 12.5 MG / valsartan 320 MG Oral Tablet,1,1
observation,71934-4,http://loinc.org,Veterans Rand health survey - 12 item (VR-12),1,1
condition,S02.601K,http://hl7.org/fhir/sid/icd-10,"Fracture of unspecified part of body of right mandible, subsequent encounter for fracture with nonunion",1,1
procedure,252895004,http://snomed.info/sct,Urodynamic studies (procedure),1,1
medication_request,1190766,http://www.nlm.nih.gov/research/umls/rxnorm,atropine sulfate 0.31 MG/ML Ophthalmic Solution,1,1
medication_request,309045,http://www.nlm.nih.gov/research/umls/rxnorm,Cefaclor 250 MG Oral Capsule,1,1
condition,S02.650G,http://hl7.org/fhir/sid/icd-10,"Fracture of angle of mandible, unspecified side, subsequent encounter for fracture with delayed healing",1,1
procedure,D4283,http://www.ada.org/cdt,autogenous connective tissue graft procedure including donor and recipient surgical sites  each additional contiguous tooth implant or edentulous tooth position in same graft site,1,1
condition,47200007,http://snomed.info/sct,High risk pregnancy (finding),1,1
condition,K11.4,http://hl7.org/fhir/sid/icd-10,Fistula of salivary gland,1,1
condition,S02.651B,http://hl7.org/fhir/sid/icd-10,"Fracture of angle of right mandible, initial encounter for open fracture",1,1
procedure,D0260,http://www.ada.org/cdt,D0260,1,1
procedure,D6116,http://www.ada.org/cdt,implant /abutment supported fixed denture for partially edentulous arch - maxillary,1,1
condition,C69.51,http://hl7.org/fhir/sid/icd-10,Malignant neoplasm of right lacrimal gland and duct,1,1
procedure,D5865,http://www.ada.org/cdt,overdenture - complete mandibular,1,1
procedure,1259900009,http://snomed.info/sct,Fitting of intraoral appliance (procedure),1,1
procedure,D4320,http://www.ada.org/cdt,D4320,1,1
procedure,D7856,http://www.ada.org/cdt,myotomy,1,1
condition,K08.59,http://hl7.org/fhir/sid/icd-10,Other unsatisfactory restoration of tooth,1,1
procedure,D1710,http://www.ada.org/cdt,Moderna Covid-19 vaccine administration - third dose,1,1
condition,C79.82,http://hl7.org/fhir/sid/icd-10,Secondary malignant neoplasm of genital organs,1,1
procedure,D6060,http://www.ada.org/cdt,abutment supported porcelain fused to metal crown (predominantly base metal),1,1
procedure,D7957,http://www.ada.org/cdt,"guided tissue regeneration, edentulous area - non-resorbable barrier, per site",1,1
procedure,D7945,http://www.ada.org/cdt,osteotomy - body of mandible,1,1
condition,C79.00,http://hl7.org/fhir/sid/icd-10,Secondary malignant neoplasm of unspecified kidney and renal pelvis,1,1
procedure,D2949,http://www.ada.org/cdt,restorative foundation for an indirect restoration,1,1
condition,S02.611D,http://hl7.org/fhir/sid/icd-10,"Fracture of condylar process of right mandible, subsequent encounter for fracture with routine healing",1,1
medication_request,312750,http://www.nlm.nih.gov/research/umls/rxnorm,quinapril 5 MG Oral Tablet,1,1
condition,K08.129,http://hl7.org/fhir/sid/icd-10,"Complete loss of teeth due to periodontal diseases, unspecified class",1,1
procedure,D0705,http://www.ada.org/cdt,extra-oral posterior dental radiographic image - image capture only,1,1
procedure,D3920,http://www.ada.org/cdt,"hemisection (including any root removal), not including root canal therapy",1,1
condition,M26.23,http://hl7.org/fhir/sid/icd-10,Excessive horizontal overlap,1,1
medication_request,885219,http://www.nlm.nih.gov/research/umls/rxnorm,Benztropine mesylate 0.5 MG Oral Tablet,1,1
medication_request,1536144,http://www.nlm.nih.gov/research/umls/rxnorm,120 ACTUAT mometasone furoate 0.1 MG/ACTUAT Metered Dose Inhaler [Asmanex],53,1
procedure,D2650,http://www.ada.org/cdt,inlay - resin-based composite - one surface,1,1
procedure,D2510,http://www.ada.org/cdt,inlay - metallic - one surface,1,1
procedure,D7750,http://www.ada.org/cdt,malar and/or zygomatic arch  open reduction,1,1
procedure,D7620,http://www.ada.org/cdt,"maxilla - closed reduction (teeth immobilized, if present)",1,1
condition,C50.812,http://hl7.org/fhir/sid/icd-10,Malignant neoplasm of overlapping sites of left female breast,1,1
procedure,D5612,http://www.ada.org/cdt,"repair resin partial denture base, maxillary",1,1
procedure,D0484,http://www.ada.org/cdt,consultation on slides prepared elsewhere,1,1
procedure,9002005,http://snomed.info/sct,Manual testing of muscle function (procedure),1,1
procedure,D9994,http://www.ada.org/cdt,dental case management - patient education to improve oral health literacy,1,1
procedure,D7920,http://www.ada.org/cdt,"skin graft (identify defect covered, location and type of graft)",1,1
procedure,D6106,http://www.ada.org/cdt,"guided tissue regeneration - resorbable barrier, per implant",1,1
procedure,D2720,http://www.ada.org/cdt,crown - resin with high noble metal,1,1
condition,Z13.42,http://hl7.org/fhir/sid/icd-10,Encounter for screening for global developmental delays (milestones),1,1
procedure,D6093,http://www.ada.org/cdt,re-cement or re-bond implant/abutment supported fixed partial denture,1,1
procedure,311707005,http://snomed.info/sct,Oral motor exercises (regime/therapy),1,1
procedure,D6120,http://www.ada.org/cdt,implant supported retainer - porcelain fused to titanium and titanium alloys,1,1
procedure,D7981,http://www.ada.org/cdt,"excision of salivary gland, by report",1,1
procedure,D2410,http://www.ada.org/cdt,gold foil - one surface,1,1
procedure,D6790,http://www.ada.org/cdt,retainer crown - full cast high noble metal,1,1
procedure,47020004,http://snomed.info/sct,Ventriculoperitoneal shunt (procedure),1,1
procedure,D0477,http://www.ada.org/cdt,"special stains, not for microorganisms",1,1
medication_request,402109,http://www.nlm.nih.gov/research/umls/rxnorm,fosamprenavir 700 MG Oral Tablet,9,1
condition,M26.649,http://hl7.org/fhir/sid/icd-10,Arthritis of unspecified temporomandibular joint,1,1
condition,C44.722,http://hl7.org/fhir/sid/icd-10,"Squamous cell carcinoma of skin of right lower limb, including hip",1,1
medication_request,859421,http://www.nlm.nih.gov/research/umls/rxnorm,rosuvastatin calcium 40 MG Oral Tablet [Crestor],1,1
condition,C20,http://hl7.org/fhir/sid/icd-10,Malignant neoplasm of rectum,1,1
procedure,D2652,http://www.ada.org/cdt,inlay - resin-based composite - three or more surfaces,1,1
procedure,D7490,http://www.ada.org/cdt,radical resection of maxilla or mandible,1,1
condition,M26.653,http://hl7.org/fhir/sid/icd-10,Arthropathy of bilateral temporomandibular joint,1,1
condition,C71.2,http://hl7.org/fhir/sid/icd-10,Malignant neoplasm of temporal lobe,1,1
condition,K08.434,http://hl7.org/fhir/sid/icd-10,"Partial loss of teeth due to caries, class IV",1,1
procedure,D6050,http://www.ada.org/cdt,surgical placement: transosteal implant,1,1
procedure,D2783,http://www.ada.org/cdt,crown - 3/4 porcelain/ceramic,1,1
medication_request,313110,http://www.nlm.nih.gov/research/umls/rxnorm,stavudine 40 MG Oral Capsule,3,1
condition,D47.1,http://hl7.org/fhir/sid/icd-10,Chronic myeloproliferative disease,1,1
condition,S02.40FA,http://hl7.org/fhir/sid/icd-10,"Zygomatic fracture, left side, initial encounter for closed fracture",1,1
procedure,60151004,http://snomed.info/sct,Neonatal screening (procedure),1,1
procedure,D5860,http://www.ada.org/cdt,D5860,1,1
procedure,709640007,http://snomed.info/sct,Doppler ultrasonography of renal vein (procedure),1,1
procedure,D5916,http://www.ada.org/cdt,ocular prosthesis,1,1
procedure,D2975,http://www.ada.org/cdt,coping,1,1
procedure,D4268,http://www.ada.org/cdt,"surgical revision procedure, per tooth",1,1
procedure,32413006,http://snomed.info/sct,Transplantation of heart (procedure),1,1
procedure,D5711,http://www.ada.org/cdt,rebase complete mandibular denture,1,1
observation,61576-5,http://loinc.org,PROMIS short form - global - version 1.1,2,1
medication_request,617314,http://www.nlm.nih.gov/research/umls/rxnorm,atorvastatin 10 MG Oral Tablet [Lipitor],1,1
procedure,D0422,http://www.ada.org/cdt,collection and preparation of genetic sample material for laboratory analysis and report,1,1
procedure,D9986,http://www.ada.org/cdt,missed appointment,1,1
condition,M26.221,http://hl7.org/fhir/sid/icd-10,Open posterior occlusal relationship,1,1
procedure,D7560,http://www.ada.org/cdt,maxillary sinusotomy for removal of tooth fragment or foreign body,1,1
condition,C77.1,http://hl7.org/fhir/sid/icd-10,Secondary and unspecified malignant neoplasm of intrathoracic lymph nodes,1,1
condition,C50.511,http://hl7.org/fhir/sid/icd-10,Malignant neoplasm of lower-outer quadrant of right female breast,1,1
condition,M26.61,http://hl7.org/fhir/sid/icd-10,Adhesions and ankylosis of temporomandibular joint,1,1
condition,M26.04,http://hl7.org/fhir/sid/icd-10,Mandibular hypoplasia,1,1
procedure,D4276,http://www.ada.org/cdt,"combined connective tissue and pedicle graft, per tooth",1,1
condition,M26.01,http://hl7.org/fhir/sid/icd-10,Maxillary hyperplasia,1,1
medication_request,310988,http://www.nlm.nih.gov/research/umls/rxnorm,indinavir 400 MG Oral Capsule,2,1
condition,C93.00,http://hl7.org/fhir/sid/icd-10,"Acute monoblastic/monocytic leukemia, not having achieved remission",1,1
condition,161621004,http://snomed.info/sct,History of upper limb amputation (situation),1,1
procedure,D0708,http://www.ada.org/cdt,intraoral - bitewing radiographic image - image capture only,1,1
procedure,42839003,http://snomed.info/sct,Repair of myelomeningocele (procedure),1,1
procedure,D8694,http://www.ada.org/cdt,D8694,1,1
procedure,D0362,http://www.ada.org/cdt,D0362,1,1
procedure,D6548,http://www.ada.org/cdt,retainer - porcelain/ceramic for resin bonded fixed prosthesis,1,1
procedure,D5988,http://www.ada.org/cdt,surgical splint,1,1
procedure,D5867,http://www.ada.org/cdt,"replacement of replaceable part of semi-precision or precision attachment, per attachment",1,1
